╭───────────────────── Traceback (most recent call last) ──────────────────────╮
│ /home/remixonwin/Documents/playground/mcq-generator/src/mcq_generator/cli.py │
│ :967 in resume                                                               │
│                                                                              │
│    964 │   # can cause concurrent write transactions and DuckDB "write-write │
│    965 │   # conflict" errors when the generator also writes state. Close ea │
│    966 │   # so the generator may open its own connection safely.            │
│ ❱  967 │   state = StateManager()                                            │
│    968 │   progress_info = state.get_job_progress(job_id)                    │
│    969 │                                                                     │
│    970 │   # Ensure DB counts match exports before resuming. If mcq_results  │
│                                                                              │
│ /home/remixonwin/Documents/playground/mcq-generator/src/mcq_generator/state_ │
│ manager.py:23 in __init__                                                    │
│                                                                              │
│    20 │                                                                      │
│    21 │   def __init__(self, db_path: str = "mcq_state.duckdb"):             │
│    22 │   │   self.db_path = Path(db_path)                                   │
│ ❱  23 │   │   self.conn = duckdb.connect(str(self.db_path))                  │
│    24 │   │   self._initialize_schema()                                      │
│    25 │                                                                      │
│    26 │   def _initialize_schema(self) -> None:                              │
╰──────────────────────────────────────────────────────────────────────────────╯
IOException: IO Error: Could not set lock on file 
"/home/remixonwin/Documents/playground/mcq-generator/mcq_state.duckdb": 
Conflicting lock is held in 
/home/remixonwin/.local/share/uv/python/cpython-3.13.11-linux-x86_64-gnu/bin/pyt
hon3.13 (PID 843060) by user remixonwin. See also 
https://duckdb.org/docs/stable/connect/concurrency
Inconsistent DB counts detected (jobs.generated_count=1486 vs mcq_results=1485).
Attempting repair from exports...
╭──────────────────────────────────────────────────────────────────────────────╮
│ Job: job_20260216_234802_11d0ef94                                            │
│ Dataset: teyler/epstein-files-20k                                            │
│ Progress: 1485/999999999 (0.0%)                                              │
│ Status: running                                                              │
╰──────────────────────────────────────────────────────────────────────────────╯
Loaded 1485 existing MCQs from job state
Consecutive failures: 0/N/A
Consecutive failures: 0/N/A
Consecutive failures: 0/N/A
Consecutive failures: 0/N/A
Saved 1486 MCQs to .mcq_exports/job_20260216_234802_11d0ef94.json
Consecutive failures: 0/N/A
Consecutive failures: 0/N/A
Consecutive failures: 0/N/A
Generation failed for document 1841076: Incomplete or unparsable MCQ content
Consecutive failures: 0/N/A
Consecutive failures: 0/N/A
Consecutive failures: 0/N/A
Consecutive failures: 0/N/A
Consecutive failures: 0/N/A
Consecutive failures: 0/N/A
Consecutive failures: 0/N/A
Generation failed for document 1841488: Incomplete or unparsable MCQ content
Consecutive failures: 0/N/A
Consecutive failures: 0/N/A
Consecutive failures: 0/N/A
Consecutive failures: 0/N/A
Consecutive failures: 0/N/A
Consecutive failures: 0/N/A
Consecutive failures: 0/N/A
Consecutive failures: 0/N/A
Consecutive failures: 0/N/A
Consecutive failures: 0/N/A
Consecutive failures: 0/N/A
Consecutive failures: 0/N/A
Consecutive failures: 0/N/A
Consecutive failures: 0/N/A
Consecutive failures: 0/N/A
Consecutive failures: 0/N/A
Consecutive failures: 0/N/A
Consecutive failures: 0/N/A
Consecutive failures: 0/N/A
Consecutive failures: 0/N/A
Consecutive failures: 0/N/A
Consecutive failures: 0/N/A
Consecutive failures: 0/N/A
Consecutive failures: 0/N/A
Consecutive failures: 0/N/A
Consecutive failures: 0/N/A
Generation failed for document 1245772: Incomplete or unparsable MCQ content
Consecutive failures: 0/N/A
Consecutive failures: 0/N/A
Consecutive failures: 0/N/A
Generation failed for document 1322304: Incomplete or unparsable MCQ content
Consecutive failures: 0/N/A
Consecutive failures: 0/N/A
Consecutive failures: 0/N/A
Consecutive failures: 0/N/A
Consecutive failures: 0/N/A
Consecutive failures: 0/N/A
Consecutive failures: 0/N/A
Consecutive failures: 0/N/A
Consecutive failures: 0/N/A
Consecutive failures: 0/N/A
Consecutive failures: 0/N/A
Consecutive failures: 0/N/A
Consecutive failures: 0/N/A
Consecutive failures: 0/N/A
Consecutive failures: 0/N/A
Generation failed for document 1184220: Incomplete or unparsable MCQ content
Consecutive failures: 0/N/A
Consecutive failures: 0/N/A
Consecutive failures: 0/N/A
Consecutive failures: 0/N/A
Consecutive failures: 0/N/A
Consecutive failures: 0/N/A
Consecutive failures: 0/N/A
Consecutive failures: 0/N/A
Consecutive failures: 0/N/A
Consecutive failures: 0/N/A
Consecutive failures: 0/N/A
Consecutive failures: 0/N/A
Consecutive failures: 0/N/A
Consecutive failures: 0/N/A
Consecutive failures: 0/N/A
Consecutive failures: 0/N/A
Consecutive failures: 0/N/A
Consecutive failures: 0/N/A
Consecutive failures: 0/N/A
Consecutive failures: 0/N/A
Generation failed for document 2099803: Incomplete or unparsable MCQ content
Consecutive failures: 0/N/A
Consecutive failures: 0/N/A
Consecutive failures: 0/N/A
Consecutive failures: 0/N/A
Generation failed for document 2123619: Incomplete or unparsable MCQ content
Consecutive failures: 0/N/A
Consecutive failures: 0/N/A
Consecutive failures: 0/N/A
Consecutive failures: 0/N/A
Consecutive failures: 0/N/A
Consecutive failures: 0/N/A
Consecutive failures: 0/N/A
Consecutive failures: 0/N/A
Consecutive failures: 0/N/A
Consecutive failures: 0/N/A
Consecutive failures: 0/N/A
Consecutive failures: 0/N/A
Consecutive failures: 0/N/A
Consecutive failures: 0/N/A
Consecutive failures: 0/N/A
Consecutive failures: 0/N/A
Consecutive failures: 0/N/A
Generation failed for document 600120: Incomplete or unparsable MCQ content
Consecutive failures: 0/N/A
Consecutive failures: 0/N/A
Consecutive failures: 0/N/A
Consecutive failures: 0/N/A
Generation failed for document 271261: Incomplete or unparsable MCQ content
Consecutive failures: 0/N/A
Consecutive failures: 0/N/A
Consecutive failures: 0/N/A
Consecutive failures: 0/N/A
Consecutive failures: 0/N/A
Consecutive failures: 0/N/A
Consecutive failures: 0/N/A
Consecutive failures: 0/N/A
Consecutive failures: 0/N/A
Consecutive failures: 0/N/A
Consecutive failures: 0/N/A
Consecutive failures: 0/N/A
Consecutive failures: 0/N/A
Generation failed for document 70814: Incomplete or unparsable MCQ content
Consecutive failures: 0/N/A
Consecutive failures: 0/N/A
Consecutive failures: 0/N/A
Consecutive failures: 0/N/A
Consecutive failures: 0/N/A
Generation failed for document 1024985: Incomplete or unparsable MCQ content
Consecutive failures: 0/N/A
Consecutive failures: 0/N/A
Consecutive failures: 0/N/A
Consecutive failures: 0/N/A
Generation failed for document 133469: Incomplete or unparsable MCQ content
Consecutive failures: 0/N/A
Consecutive failures: 0/N/A
Consecutive failures: 0/N/A
Consecutive failures: 0/N/A
Consecutive failures: 0/N/A
Consecutive failures: 0/N/A
Consecutive failures: 0/N/A
Consecutive failures: 0/N/A
Consecutive failures: 0/N/A
Consecutive failures: 0/N/A
Consecutive failures: 0/N/A
Consecutive failures: 0/N/A
Consecutive failures: 0/N/A
Generation failed for document 967045: Incomplete or unparsable MCQ content
Consecutive failures: 0/N/A
Consecutive failures: 0/N/A
Consecutive failures: 0/N/A
Generation failed for document 290732: Incomplete or unparsable MCQ content
Consecutive failures: 0/N/A
Consecutive failures: 0/N/A
Consecutive failures: 0/N/A
Consecutive failures: 0/N/A
Consecutive failures: 0/N/A
Generation failed for document 1793789: Incomplete or unparsable MCQ content
Consecutive failures: 0/N/A
Consecutive failures: 0/N/A
Generation failed for document 1946618: Incomplete or unparsable MCQ content
Consecutive failures: 0/N/A
Consecutive failures: 0/N/A
Consecutive failures: 0/N/A
Consecutive failures: 0/N/A
Generation failed for document 1427591: Incomplete or unparsable MCQ content
Consecutive failures: 0/N/A
Consecutive failures: 0/N/A
Consecutive failures: 0/N/A
Consecutive failures: 0/N/A
Consecutive failures: 0/N/A
Consecutive failures: 0/N/A
Consecutive failures: 0/N/A
Consecutive failures: 0/N/A
Consecutive failures: 0/N/A
Consecutive failures: 0/N/A
Consecutive failures: 0/N/A
Consecutive failures: 0/N/A
Consecutive failures: 0/N/A
Consecutive failures: 0/N/A
Consecutive failures: 0/N/A
Consecutive failures: 0/N/A
Consecutive failures: 0/N/A
Consecutive failures: 0/N/A
Consecutive failures: 0/N/A
Consecutive failures: 0/N/A
Consecutive failures: 0/N/A
Generation failed for document 1946495: Incomplete or unparsable MCQ content
Consecutive failures: 0/N/A
Consecutive failures: 0/N/A
Generation failed for document 743552: Incomplete or unparsable MCQ content
Consecutive failures: 0/N/A
Consecutive failures: 0/N/A
Consecutive failures: 0/N/A
Consecutive failures: 0/N/A
Consecutive failures: 0/N/A
Consecutive failures: 0/N/A
Consecutive failures: 0/N/A
Consecutive failures: 0/N/A
Consecutive failures: 0/N/A
Consecutive failures: 0/N/A
Generation failed for document 217296: Incomplete or unparsable MCQ content
Consecutive failures: 0/N/A
Consecutive failures: 0/N/A
Consecutive failures: 0/N/A
Consecutive failures: 0/N/A
Consecutive failures: 0/N/A
Consecutive failures: 0/N/A
Consecutive failures: 0/N/A
Consecutive failures: 0/N/A
Consecutive failures: 0/N/A
Consecutive failures: 0/N/A
Consecutive failures: 0/N/A
Consecutive failures: 0/N/A
Consecutive failures: 0/N/A
Consecutive failures: 0/N/A
Consecutive failures: 0/N/A
Consecutive failures: 0/N/A
Consecutive failures: 0/N/A
Generation failed for document 999500: Incomplete or unparsable MCQ content
Consecutive failures: 0/N/A
Consecutive failures: 0/N/A
Consecutive failures: 0/N/A
Generation failed for document 681504: Incomplete or unparsable MCQ content
Consecutive failures: 0/N/A
Consecutive failures: 0/N/A
Consecutive failures: 0/N/A
Consecutive failures: 0/N/A
Consecutive failures: 0/N/A
Consecutive failures: 0/N/A
Consecutive failures: 0/N/A
Consecutive failures: 0/N/A
Consecutive failures: 0/N/A
Consecutive failures: 0/N/A
Consecutive failures: 0/N/A
Consecutive failures: 0/N/A
Consecutive failures: 0/N/A
Consecutive failures: 0/N/A
Consecutive failures: 0/N/A
Consecutive failures: 0/N/A
Consecutive failures: 0/N/A
Consecutive failures: 0/N/A
Consecutive failures: 0/N/A
Consecutive failures: 0/N/A
Consecutive failures: 0/N/A
Consecutive failures: 0/N/A
Consecutive failures: 0/N/A
Consecutive failures: 0/N/A
Generation failed for document 968451: Incomplete or unparsable MCQ content
Consecutive failures: 0/N/A
Generation failed for document 431876: Incomplete or unparsable MCQ content
Consecutive failures: 0/N/A
Consecutive failures: 0/N/A
Consecutive failures: 0/N/A
Consecutive failures: 0/N/A
Consecutive failures: 0/N/A
Consecutive failures: 0/N/A
Consecutive failures: 0/N/A
Consecutive failures: 0/N/A
Consecutive failures: 0/N/A
Consecutive failures: 0/N/A
Consecutive failures: 0/N/A
Consecutive failures: 0/N/A
Consecutive failures: 0/N/A
Consecutive failures: 0/N/A
Consecutive failures: 0/N/A
Consecutive failures: 0/N/A
Consecutive failures: 0/N/A
Consecutive failures: 0/N/A
Consecutive failures: 0/N/A
Generation failed for document 960028: Incomplete or unparsable MCQ content
Consecutive failures: 0/N/A
Generation failed for document 607064: Incomplete or unparsable MCQ content
Consecutive failures: 0/N/A
Consecutive failures: 0/N/A
Consecutive failures: 0/N/A
Generation failed for document 1439406: Incomplete or unparsable MCQ content
Consecutive failures: 0/N/A
Consecutive failures: 0/N/A
Consecutive failures: 0/N/A
Consecutive failures: 0/N/A
Consecutive failures: 0/N/A
Generation failed for document 217335: Incomplete or unparsable MCQ content
Consecutive failures: 0/N/A
Consecutive failures: 0/N/A
Consecutive failures: 0/N/A
Consecutive failures: 0/N/A
Consecutive failures: 0/N/A
Consecutive failures: 0/N/A
Consecutive failures: 0/N/A
Consecutive failures: 0/N/A
Consecutive failures: 0/N/A
Consecutive failures: 0/N/A
Consecutive failures: 0/N/A
Consecutive failures: 0/N/A
Consecutive failures: 0/N/A
Consecutive failures: 0/N/A
Consecutive failures: 0/N/A
Consecutive failures: 0/N/A
Consecutive failures: 0/N/A
Consecutive failures: 0/N/A
Consecutive failures: 0/N/A
Consecutive failures: 0/N/A
Consecutive failures: 0/N/A
Consecutive failures: 0/N/A
Consecutive failures: 0/N/A
Consecutive failures: 0/N/A
Consecutive failures: 0/N/A
Consecutive failures: 0/N/A
Generation failed for document 56255: Incomplete or unparsable MCQ content
Consecutive failures: 0/N/A
Consecutive failures: 0/N/A
Consecutive failures: 0/N/A
Consecutive failures: 0/N/A
Consecutive failures: 0/N/A
Consecutive failures: 0/N/A
Generation failed for document 181394: Incomplete or unparsable MCQ content
Consecutive failures: 0/N/A
Consecutive failures: 0/N/A
Consecutive failures: 0/N/A
Generation failed for document 338112: Incomplete or unparsable MCQ content
Consecutive failures: 0/N/A
Consecutive failures: 0/N/A
Consecutive failures: 0/N/A
Consecutive failures: 0/N/A
Consecutive failures: 0/N/A
Consecutive failures: 0/N/A
Consecutive failures: 0/N/A
Consecutive failures: 0/N/A
Consecutive failures: 0/N/A
Consecutive failures: 0/N/A
Consecutive failures: 0/N/A
Consecutive failures: 0/N/A
Consecutive failures: 0/N/A
Consecutive failures: 0/N/A
Consecutive failures: 0/N/A
Consecutive failures: 0/N/A
Consecutive failures: 0/N/A
Consecutive failures: 0/N/A
Generation failed for document 1865762: Incomplete or unparsable MCQ content
Consecutive failures: 0/N/A
Consecutive failures: 0/N/A
Consecutive failures: 0/N/A
Consecutive failures: 0/N/A
Consecutive failures: 0/N/A
Consecutive failures: 0/N/A
Consecutive failures: 0/N/A
Generation failed for document 1441024: Incomplete or unparsable MCQ content
Consecutive failures: 0/N/A
Consecutive failures: 0/N/A
Generation failed for document 983780: Incomplete or unparsable MCQ content
Consecutive failures: 0/N/A
Generation failed for document 1971037: Incomplete or unparsable MCQ content
Consecutive failures: 0/N/A
Consecutive failures: 0/N/A
Consecutive failures: 0/N/A
Consecutive failures: 0/N/A
Consecutive failures: 0/N/A
Consecutive failures: 0/N/A
Consecutive failures: 0/N/A
Consecutive failures: 0/N/A
Consecutive failures: 0/N/A
Consecutive failures: 0/N/A
Consecutive failures: 0/N/A
Consecutive failures: 0/N/A
Consecutive failures: 0/N/A
Generation failed for document 718522: Incomplete or unparsable MCQ content
Consecutive failures: 0/N/A
Consecutive failures: 0/N/A
Consecutive failures: 0/N/A
Consecutive failures: 0/N/A
Consecutive failures: 0/N/A
Consecutive failures: 0/N/A
Consecutive failures: 0/N/A
Consecutive failures: 0/N/A
Consecutive failures: 0/N/A
Consecutive failures: 0/N/A
Consecutive failures: 0/N/A
Consecutive failures: 0/N/A
Consecutive failures: 0/N/A
Consecutive failures: 0/N/A
Consecutive failures: 0/N/A
Consecutive failures: 0/N/A
Consecutive failures: 0/N/A
Consecutive failures: 0/N/A
Consecutive failures: 0/N/A
Consecutive failures: 0/N/A
Consecutive failures: 0/N/A
Consecutive failures: 0/N/A
Consecutive failures: 0/N/A
Consecutive failures: 0/N/A
Consecutive failures: 0/N/A
Consecutive failures: 0/N/A
Consecutive failures: 0/N/A
Consecutive failures: 0/N/A
Consecutive failures: 0/N/A
Consecutive failures: 0/N/A
Consecutive failures: 0/N/A
Consecutive failures: 0/N/A
Consecutive failures: 0/N/A
Consecutive failures: 0/N/A
Generation failed for document 1133901: Incomplete or unparsable MCQ content
Consecutive failures: 0/N/A
Consecutive failures: 0/N/A
Consecutive failures: 0/N/A
Generation failed for document 749504: Incomplete or unparsable MCQ content
Consecutive failures: 0/N/A
Consecutive failures: 0/N/A
Consecutive failures: 0/N/A
Consecutive failures: 0/N/A
Consecutive failures: 0/N/A
Consecutive failures: 0/N/A
Consecutive failures: 0/N/A
Consecutive failures: 0/N/A
Consecutive failures: 0/N/A
Consecutive failures: 0/N/A
Consecutive failures: 0/N/A
Consecutive failures: 0/N/A
Consecutive failures: 0/N/A
Consecutive failures: 0/N/A
Consecutive failures: 0/N/A
Consecutive failures: 0/N/A
Generation failed for document 220400: Incomplete or unparsable MCQ content
Consecutive failures: 0/N/A
Consecutive failures: 0/N/A
Consecutive failures: 0/N/A
Consecutive failures: 0/N/A
Consecutive failures: 0/N/A
Consecutive failures: 0/N/A
Consecutive failures: 0/N/A
Consecutive failures: 0/N/A
Consecutive failures: 0/N/A
Consecutive failures: 0/N/A
Consecutive failures: 0/N/A
Generation failed for document 900766: Incomplete or unparsable MCQ content
Consecutive failures: 0/N/A
Generation failed for document 827406: Incomplete or unparsable MCQ content
Consecutive failures: 0/N/A
Consecutive failures: 0/N/A
Consecutive failures: 0/N/A
Consecutive failures: 0/N/A
Generation failed for document 683677: Incomplete or unparsable MCQ content
Consecutive failures: 0/N/A
Consecutive failures: 0/N/A
Consecutive failures: 0/N/A
Consecutive failures: 0/N/A
Consecutive failures: 0/N/A
Consecutive failures: 0/N/A
Consecutive failures: 0/N/A
Consecutive failures: 0/N/A
Consecutive failures: 0/N/A
Consecutive failures: 0/N/A
Consecutive failures: 0/N/A
Consecutive failures: 0/N/A
Consecutive failures: 0/N/A
Consecutive failures: 0/N/A
Consecutive failures: 0/N/A
Consecutive failures: 0/N/A
Consecutive failures: 0/N/A
Consecutive failures: 0/N/A
Consecutive failures: 0/N/A
Consecutive failures: 0/N/A
Consecutive failures: 0/N/A
Consecutive failures: 0/N/A
Consecutive failures: 0/N/A
Generation failed for document 206911: Incomplete or unparsable MCQ content
Consecutive failures: 0/N/A
Consecutive failures: 0/N/A
Consecutive failures: 0/N/A
Consecutive failures: 0/N/A
Consecutive failures: 0/N/A
Consecutive failures: 0/N/A
Consecutive failures: 0/N/A
Consecutive failures: 0/N/A
Consecutive failures: 0/N/A
Generation failed for document 1704611: Incomplete or unparsable MCQ content
Consecutive failures: 0/N/A
Consecutive failures: 0/N/A
Consecutive failures: 0/N/A
Consecutive failures: 0/N/A
Consecutive failures: 0/N/A
Consecutive failures: 0/N/A
Consecutive failures: 0/N/A
Consecutive failures: 0/N/A
Consecutive failures: 0/N/A
Consecutive failures: 0/N/A
Generation failed for document 188068: Incomplete or unparsable MCQ content
Consecutive failures: 0/N/A
Consecutive failures: 0/N/A
Consecutive failures: 0/N/A
Consecutive failures: 0/N/A
Consecutive failures: 0/N/A
Consecutive failures: 0/N/A
Consecutive failures: 0/N/A
Consecutive failures: 0/N/A
Consecutive failures: 0/N/A
Consecutive failures: 0/N/A
Consecutive failures: 0/N/A
Consecutive failures: 0/N/A
Consecutive failures: 0/N/A
Consecutive failures: 0/N/A
Consecutive failures: 0/N/A
Consecutive failures: 0/N/A
Consecutive failures: 0/N/A
Consecutive failures: 0/N/A
Consecutive failures: 0/N/A
Consecutive failures: 0/N/A
Consecutive failures: 0/N/A
Consecutive failures: 0/N/A
Consecutive failures: 0/N/A
Consecutive failures: 0/N/A
Consecutive failures: 0/N/A
Consecutive failures: 0/N/A
Consecutive failures: 0/N/A
Consecutive failures: 0/N/A
Consecutive failures: 0/N/A
Consecutive failures: 0/N/A
Consecutive failures: 0/N/A
Consecutive failures: 0/N/A
Consecutive failures: 0/N/A
Consecutive failures: 0/N/A
Consecutive failures: 0/N/A
Consecutive failures: 0/N/A
Consecutive failures: 0/N/A
Consecutive failures: 0/N/A
Consecutive failures: 0/N/A
Consecutive failures: 0/N/A
Consecutive failures: 0/N/A
Consecutive failures: 0/N/A
Consecutive failures: 0/N/A
Consecutive failures: 0/N/A
Consecutive failures: 0/N/A
Consecutive failures: 0/N/A
Consecutive failures: 0/N/A
Consecutive failures: 0/N/A
Generation failed for document 1450210: Incomplete or unparsable MCQ content
Consecutive failures: 0/N/A
Consecutive failures: 0/N/A
Consecutive failures: 0/N/A
Consecutive failures: 0/N/A
Consecutive failures: 0/N/A
Consecutive failures: 0/N/A
Consecutive failures: 0/N/A
Consecutive failures: 0/N/A
Consecutive failures: 0/N/A
Consecutive failures: 0/N/A
Consecutive failures: 0/N/A
Consecutive failures: 0/N/A
Consecutive failures: 0/N/A
Consecutive failures: 0/N/A
Consecutive failures: 0/N/A
Consecutive failures: 0/N/A
Consecutive failures: 0/N/A
Generation failed for document 76323: Incomplete or unparsable MCQ content
Consecutive failures: 0/N/A
Consecutive failures: 0/N/A
Consecutive failures: 0/N/A
Consecutive failures: 0/N/A
Consecutive failures: 0/N/A
Consecutive failures: 0/N/A
Consecutive failures: 0/N/A
Consecutive failures: 0/N/A
Consecutive failures: 0/N/A
Consecutive failures: 0/N/A
Consecutive failures: 0/N/A
Consecutive failures: 0/N/A
Consecutive failures: 0/N/A
Generation failed for document 1053640: Incomplete or unparsable MCQ content
Consecutive failures: 0/N/A
Consecutive failures: 0/N/A
Consecutive failures: 0/N/A
Consecutive failures: 0/N/A
Consecutive failures: 0/N/A
Consecutive failures: 0/N/A
Consecutive failures: 0/N/A
Consecutive failures: 0/N/A
Consecutive failures: 0/N/A
Consecutive failures: 0/N/A
Consecutive failures: 0/N/A
Consecutive failures: 0/N/A
Consecutive failures: 0/N/A
Consecutive failures: 0/N/A
Consecutive failures: 0/N/A
Consecutive failures: 0/N/A
Consecutive failures: 0/N/A
Consecutive failures: 0/N/A
Consecutive failures: 0/N/A
Consecutive failures: 0/N/A
Consecutive failures: 0/N/A
Consecutive failures: 0/N/A
Consecutive failures: 0/N/A
Consecutive failures: 0/N/A
Consecutive failures: 0/N/A
Consecutive failures: 0/N/A
Consecutive failures: 0/N/A
Consecutive failures: 0/N/A
Consecutive failures: 0/N/A
Consecutive failures: 0/N/A
Consecutive failures: 0/N/A
Consecutive failures: 0/N/A
Consecutive failures: 0/N/A
Consecutive failures: 0/N/A
Consecutive failures: 0/N/A
Consecutive failures: 0/N/A
Generation failed for document 726943: Incomplete or unparsable MCQ content
Consecutive failures: 0/N/A
Consecutive failures: 0/N/A
Consecutive failures: 0/N/A
Consecutive failures: 0/N/A
Consecutive failures: 0/N/A
Consecutive failures: 0/N/A
Consecutive failures: 0/N/A
Consecutive failures: 0/N/A
Consecutive failures: 0/N/A
Consecutive failures: 0/N/A
Consecutive failures: 0/N/A
Consecutive failures: 0/N/A
Consecutive failures: 0/N/A
Consecutive failures: 0/N/A
Consecutive failures: 0/N/A
Consecutive failures: 0/N/A
Consecutive failures: 0/N/A
Consecutive failures: 0/N/A
Consecutive failures: 0/N/A
Consecutive failures: 0/N/A
Consecutive failures: 0/N/A
Consecutive failures: 0/N/A
Consecutive failures: 0/N/A
Consecutive failures: 0/N/A
Consecutive failures: 0/N/A
Consecutive failures: 0/N/A
Consecutive failures: 0/N/A
Consecutive failures: 0/N/A
Consecutive failures: 0/N/A
Consecutive failures: 0/N/A
Consecutive failures: 0/N/A
Consecutive failures: 0/N/A
Consecutive failures: 0/N/A
Generation failed for document 1537930: Incomplete or unparsable MCQ content
Consecutive failures: 0/N/A
Consecutive failures: 0/N/A
Consecutive failures: 0/N/A
Consecutive failures: 0/N/A
Consecutive failures: 0/N/A
Consecutive failures: 0/N/A
Consecutive failures: 0/N/A
Consecutive failures: 0/N/A
Consecutive failures: 0/N/A
Consecutive failures: 0/N/A
Consecutive failures: 0/N/A
Consecutive failures: 0/N/A
Consecutive failures: 0/N/A
Consecutive failures: 0/N/A
Consecutive failures: 0/N/A
Consecutive failures: 0/N/A
Consecutive failures: 0/N/A
Consecutive failures: 0/N/A
Consecutive failures: 0/N/A
Consecutive failures: 0/N/A
Consecutive failures: 0/N/A
Consecutive failures: 0/N/A
Consecutive failures: 0/N/A
Consecutive failures: 0/N/A
Consecutive failures: 0/N/A
Consecutive failures: 0/N/A
Generation failed for document 838685: Incomplete or unparsable MCQ content
Consecutive failures: 0/N/A
Consecutive failures: 0/N/A
Consecutive failures: 0/N/A
Consecutive failures: 0/N/A
Consecutive failures: 0/N/A
Consecutive failures: 0/N/A
Consecutive failures: 0/N/A
Consecutive failures: 0/N/A
Consecutive failures: 0/N/A
Consecutive failures: 0/N/A
Consecutive failures: 0/N/A
Consecutive failures: 0/N/A
Consecutive failures: 0/N/A
Consecutive failures: 0/N/A
Consecutive failures: 0/N/A
Consecutive failures: 0/N/A
Consecutive failures: 0/N/A
Consecutive failures: 0/N/A
Consecutive failures: 0/N/A
Generation failed for document 617205: Incomplete or unparsable MCQ content
Consecutive failures: 0/N/A
Consecutive failures: 0/N/A
Generation failed for document 1742765: Incomplete or unparsable MCQ content
Consecutive failures: 0/N/A
Consecutive failures: 0/N/A
Consecutive failures: 0/N/A
Consecutive failures: 0/N/A
Consecutive failures: 0/N/A
Consecutive failures: 0/N/A
Generation failed for document 1841053: Incomplete or unparsable MCQ content
Consecutive failures: 0/N/A
Consecutive failures: 0/N/A
Consecutive failures: 0/N/A
Consecutive failures: 0/N/A
Consecutive failures: 0/N/A
Consecutive failures: 0/N/A
Consecutive failures: 0/N/A
Consecutive failures: 0/N/A
Consecutive failures: 0/N/A
Consecutive failures: 0/N/A
Consecutive failures: 0/N/A
Consecutive failures: 0/N/A
Consecutive failures: 0/N/A
Consecutive failures: 0/N/A
Consecutive failures: 0/N/A
Consecutive failures: 0/N/A
Consecutive failures: 0/N/A
Consecutive failures: 0/N/A
Consecutive failures: 0/N/A
Consecutive failures: 0/N/A
Consecutive failures: 0/N/A
Consecutive failures: 0/N/A
Consecutive failures: 0/N/A
Consecutive failures: 0/N/A
Generation failed for document 1274297: Incomplete or unparsable MCQ content
Consecutive failures: 0/N/A
Consecutive failures: 0/N/A
Consecutive failures: 0/N/A
Consecutive failures: 0/N/A
Consecutive failures: 0/N/A
Consecutive failures: 0/N/A
Consecutive failures: 0/N/A
Consecutive failures: 0/N/A
Consecutive failures: 0/N/A
Consecutive failures: 0/N/A
Consecutive failures: 0/N/A
Generation failed for document 1040235: Incomplete or unparsable MCQ content
Consecutive failures: 0/N/A
Generation failed for document 154168: Incomplete or unparsable MCQ content
Consecutive failures: 0/N/A
Consecutive failures: 0/N/A
Consecutive failures: 0/N/A
Consecutive failures: 0/N/A
Consecutive failures: 0/N/A
Consecutive failures: 0/N/A
Consecutive failures: 0/N/A
Consecutive failures: 0/N/A
Generation failed for document 616062: Incomplete or unparsable MCQ content
Consecutive failures: 0/N/A
Consecutive failures: 0/N/A
Consecutive failures: 0/N/A
Consecutive failures: 0/N/A
Consecutive failures: 0/N/A
Consecutive failures: 0/N/A
Consecutive failures: 0/N/A
Consecutive failures: 0/N/A
Consecutive failures: 0/N/A
Consecutive failures: 0/N/A
Consecutive failures: 0/N/A
Consecutive failures: 0/N/A
Consecutive failures: 0/N/A
Consecutive failures: 0/N/A
Consecutive failures: 0/N/A
Consecutive failures: 0/N/A
Consecutive failures: 0/N/A
Consecutive failures: 0/N/A
Consecutive failures: 0/N/A
Consecutive failures: 0/N/A
Consecutive failures: 0/N/A
Consecutive failures: 0/N/A
Consecutive failures: 0/N/A
Generation failed for document 1298404: Incomplete or unparsable MCQ content
Consecutive failures: 0/N/A
Consecutive failures: 0/N/A
Consecutive failures: 0/N/A
Consecutive failures: 0/N/A
Consecutive failures: 0/N/A
Consecutive failures: 0/N/A
Consecutive failures: 0/N/A
Consecutive failures: 0/N/A
Consecutive failures: 0/N/A
Consecutive failures: 0/N/A
Consecutive failures: 0/N/A
Consecutive failures: 0/N/A
Consecutive failures: 0/N/A
Consecutive failures: 0/N/A
Consecutive failures: 0/N/A
Consecutive failures: 0/N/A
Consecutive failures: 0/N/A
Consecutive failures: 0/N/A
Consecutive failures: 0/N/A
Consecutive failures: 0/N/A
Consecutive failures: 0/N/A
Consecutive failures: 0/N/A
Consecutive failures: 0/N/A
Consecutive failures: 0/N/A
Consecutive failures: 0/N/A
Consecutive failures: 0/N/A
Consecutive failures: 0/N/A
Consecutive failures: 0/N/A
Consecutive failures: 0/N/A
Consecutive failures: 0/N/A
Consecutive failures: 0/N/A
Consecutive failures: 0/N/A
Consecutive failures: 0/N/A
Generation failed for document 372571: Incomplete or unparsable MCQ content
Consecutive failures: 0/N/A
Generation failed for document 1873470: Incomplete or unparsable MCQ content
Consecutive failures: 0/N/A
Consecutive failures: 0/N/A
Consecutive failures: 0/N/A
Consecutive failures: 0/N/A
Consecutive failures: 0/N/A
Consecutive failures: 0/N/A
Consecutive failures: 0/N/A
Consecutive failures: 0/N/A
Consecutive failures: 0/N/A
Consecutive failures: 0/N/A
Consecutive failures: 0/N/A
Consecutive failures: 0/N/A
Consecutive failures: 0/N/A
Consecutive failures: 0/N/A
Consecutive failures: 0/N/A
Consecutive failures: 0/N/A
Consecutive failures: 0/N/A
Consecutive failures: 0/N/A
Consecutive failures: 0/N/A
Consecutive failures: 0/N/A
Consecutive failures: 0/N/A
Generation failed for document 389219: Incomplete or unparsable MCQ content
Consecutive failures: 0/N/A
Consecutive failures: 0/N/A
Generation failed for document 2069154: Incomplete or unparsable MCQ content
Consecutive failures: 0/N/A
Consecutive failures: 0/N/A
Consecutive failures: 0/N/A
Consecutive failures: 0/N/A
Consecutive failures: 0/N/A
Consecutive failures: 0/N/A
Consecutive failures: 0/N/A
Consecutive failures: 0/N/A
Consecutive failures: 0/N/A
Consecutive failures: 0/N/A
Consecutive failures: 0/N/A
Consecutive failures: 0/N/A
Consecutive failures: 0/N/A
Consecutive failures: 0/N/A
Generation failed for document 384666: Incomplete or unparsable MCQ content
Consecutive failures: 0/N/A
Generation failed for document 938503: Incomplete or unparsable MCQ content
Consecutive failures: 0/N/A
Consecutive failures: 0/N/A
Consecutive failures: 0/N/A
Consecutive failures: 0/N/A
Consecutive failures: 0/N/A
Consecutive failures: 0/N/A
Consecutive failures: 0/N/A
Consecutive failures: 0/N/A
Consecutive failures: 0/N/A
Consecutive failures: 0/N/A
Consecutive failures: 0/N/A
Consecutive failures: 0/N/A
Consecutive failures: 0/N/A
Consecutive failures: 0/N/A
Consecutive failures: 0/N/A
Generation failed for document 217211: Incomplete or unparsable MCQ content
Consecutive failures: 0/N/A
Consecutive failures: 0/N/A
Consecutive failures: 0/N/A
Consecutive failures: 0/N/A
Consecutive failures: 0/N/A
Consecutive failures: 0/N/A
Consecutive failures: 0/N/A
Generation failed for document 433615: Incomplete or unparsable MCQ content
Consecutive failures: 0/N/A
Consecutive failures: 0/N/A
Consecutive failures: 0/N/A
Consecutive failures: 0/N/A
Consecutive failures: 0/N/A
Consecutive failures: 0/N/A
Consecutive failures: 0/N/A
Consecutive failures: 0/N/A
Consecutive failures: 0/N/A
Consecutive failures: 0/N/A
Consecutive failures: 0/N/A
Consecutive failures: 0/N/A
Consecutive failures: 0/N/A
Consecutive failures: 0/N/A
Consecutive failures: 0/N/A
Consecutive failures: 0/N/A
Consecutive failures: 0/N/A
Consecutive failures: 0/N/A
Consecutive failures: 0/N/A
Consecutive failures: 0/N/A
Consecutive failures: 0/N/A
Consecutive failures: 0/N/A
Consecutive failures: 0/N/A
Consecutive failures: 0/N/A
Consecutive failures: 0/N/A
Consecutive failures: 0/N/A
Consecutive failures: 0/N/A
Consecutive failures: 0/N/A
Consecutive failures: 0/N/A
Consecutive failures: 0/N/A
Consecutive failures: 0/N/A
Consecutive failures: 0/N/A
Consecutive failures: 0/N/A
Consecutive failures: 0/N/A
Generation failed for document 78130: Incomplete or unparsable MCQ content
Consecutive failures: 0/N/A
Consecutive failures: 0/N/A
Consecutive failures: 0/N/A
Consecutive failures: 0/N/A
Consecutive failures: 0/N/A
Consecutive failures: 0/N/A
Consecutive failures: 0/N/A
Generation failed for document 1539602: Incomplete or unparsable MCQ content
Consecutive failures: 0/N/A
Consecutive failures: 0/N/A
Consecutive failures: 0/N/A
Consecutive failures: 0/N/A
Consecutive failures: 0/N/A
Consecutive failures: 0/N/A
Consecutive failures: 0/N/A
Consecutive failures: 0/N/A
Consecutive failures: 0/N/A
Consecutive failures: 0/N/A
Consecutive failures: 0/N/A
Generation failed for document 315504: Incomplete or unparsable MCQ content
Consecutive failures: 0/N/A
Consecutive failures: 0/N/A
Consecutive failures: 0/N/A
Consecutive failures: 0/N/A
Consecutive failures: 0/N/A
Consecutive failures: 0/N/A
Consecutive failures: 0/N/A
Consecutive failures: 0/N/A
Consecutive failures: 0/N/A
Generation failed for document 149571: Incomplete or unparsable MCQ content
Consecutive failures: 0/N/A
Consecutive failures: 0/N/A
Consecutive failures: 0/N/A
Consecutive failures: 0/N/A
Consecutive failures: 0/N/A
Consecutive failures: 0/N/A
Consecutive failures: 0/N/A
Consecutive failures: 0/N/A
Consecutive failures: 0/N/A
Consecutive failures: 0/N/A
Consecutive failures: 0/N/A
Consecutive failures: 0/N/A
Consecutive failures: 0/N/A
Consecutive failures: 0/N/A
Consecutive failures: 0/N/A
Consecutive failures: 0/N/A
Consecutive failures: 0/N/A
Consecutive failures: 0/N/A
Consecutive failures: 0/N/A
Consecutive failures: 0/N/A
Generation failed for document 1825943: Incomplete or unparsable MCQ content
Consecutive failures: 0/N/A
Consecutive failures: 0/N/A
Consecutive failures: 0/N/A
Consecutive failures: 0/N/A
Consecutive failures: 0/N/A
Consecutive failures: 0/N/A
Consecutive failures: 0/N/A
Consecutive failures: 0/N/A
Consecutive failures: 0/N/A
Consecutive failures: 0/N/A
Consecutive failures: 0/N/A
Consecutive failures: 0/N/A
Generation failed for document 340268: Incomplete or unparsable MCQ content
Consecutive failures: 0/N/A
Consecutive failures: 0/N/A
Generation failed for document 409655: Incomplete or unparsable MCQ content
Consecutive failures: 0/N/A
Consecutive failures: 0/N/A
Consecutive failures: 0/N/A
Consecutive failures: 0/N/A
Consecutive failures: 0/N/A
Consecutive failures: 0/N/A
Consecutive failures: 0/N/A
Consecutive failures: 0/N/A
Consecutive failures: 0/N/A
Consecutive failures: 0/N/A
Consecutive failures: 0/N/A
Consecutive failures: 0/N/A
Consecutive failures: 0/N/A
Consecutive failures: 0/N/A
Consecutive failures: 0/N/A
Consecutive failures: 0/N/A
Consecutive failures: 0/N/A
Generation failed for document 1860739: Incomplete or unparsable MCQ content
Consecutive failures: 0/N/A
Consecutive failures: 0/N/A
Consecutive failures: 0/N/A
Consecutive failures: 0/N/A
Consecutive failures: 0/N/A
Consecutive failures: 0/N/A
Consecutive failures: 0/N/A
Consecutive failures: 0/N/A
Generation failed for document 1702005: Incomplete or unparsable MCQ content
Consecutive failures: 0/N/A
Consecutive failures: 0/N/A
Consecutive failures: 0/N/A
Consecutive failures: 0/N/A
Consecutive failures: 0/N/A
Consecutive failures: 0/N/A
Consecutive failures: 0/N/A
Consecutive failures: 0/N/A
Consecutive failures: 0/N/A
Consecutive failures: 0/N/A
Consecutive failures: 0/N/A
Consecutive failures: 0/N/A
Consecutive failures: 0/N/A
Consecutive failures: 0/N/A
Consecutive failures: 0/N/A
Consecutive failures: 0/N/A
Consecutive failures: 0/N/A
Consecutive failures: 0/N/A
Consecutive failures: 0/N/A
Consecutive failures: 0/N/A
Consecutive failures: 0/N/A
Consecutive failures: 0/N/A
Consecutive failures: 0/N/A
Consecutive failures: 0/N/A
Consecutive failures: 0/N/A
Consecutive failures: 0/N/A
Consecutive failures: 0/N/A
Consecutive failures: 0/N/A
Consecutive failures: 0/N/A
Consecutive failures: 0/N/A
Consecutive failures: 0/N/A
Consecutive failures: 0/N/A
Consecutive failures: 0/N/A
Consecutive failures: 0/N/A
Consecutive failures: 0/N/A
Consecutive failures: 0/N/A
Consecutive failures: 0/N/A
Consecutive failures: 0/N/A
Consecutive failures: 0/N/A
Consecutive failures: 0/N/A
Consecutive failures: 0/N/A
Consecutive failures: 0/N/A
Consecutive failures: 0/N/A
Consecutive failures: 0/N/A
Consecutive failures: 0/N/A
Consecutive failures: 0/N/A
Consecutive failures: 0/N/A
Consecutive failures: 0/N/A
Consecutive failures: 0/N/A
Consecutive failures: 0/N/A
Consecutive failures: 0/N/A
Consecutive failures: 0/N/A
Consecutive failures: 0/N/A
Consecutive failures: 0/N/A
Consecutive failures: 0/N/A
Consecutive failures: 0/N/A
Consecutive failures: 0/N/A
Consecutive failures: 0/N/A
Consecutive failures: 0/N/A
Consecutive failures: 0/N/A
Consecutive failures: 0/N/A
Consecutive failures: 0/N/A
Consecutive failures: 0/N/A
Consecutive failures: 0/N/A
Consecutive failures: 0/N/A
Consecutive failures: 0/N/A
Consecutive failures: 0/N/A
Consecutive failures: 0/N/A
Consecutive failures: 0/N/A
Consecutive failures: 0/N/A
Consecutive failures: 0/N/A
Generation failed for document 492055: Incomplete or unparsable MCQ content
Consecutive failures: 0/N/A
Consecutive failures: 0/N/A
Consecutive failures: 0/N/A
Consecutive failures: 0/N/A
Consecutive failures: 0/N/A
Consecutive failures: 0/N/A
Consecutive failures: 0/N/A
Consecutive failures: 0/N/A
Consecutive failures: 0/N/A
Consecutive failures: 0/N/A
Consecutive failures: 0/N/A
Consecutive failures: 0/N/A
Consecutive failures: 0/N/A
Generation failed for document 1511422: Incomplete or unparsable MCQ content
Consecutive failures: 0/N/A
Consecutive failures: 0/N/A
Generation failed for document 1286225: Incomplete or unparsable MCQ content
Consecutive failures: 0/N/A
Consecutive failures: 0/N/A
Consecutive failures: 0/N/A
Consecutive failures: 0/N/A
Consecutive failures: 0/N/A
Consecutive failures: 0/N/A
Consecutive failures: 0/N/A
Consecutive failures: 0/N/A
Consecutive failures: 0/N/A
Consecutive failures: 0/N/A
Consecutive failures: 0/N/A
Consecutive failures: 0/N/A
Consecutive failures: 0/N/A
Consecutive failures: 0/N/A
Consecutive failures: 0/N/A
Generation failed for document 1802776: Incomplete or unparsable MCQ content
Consecutive failures: 0/N/A
Consecutive failures: 0/N/A
Consecutive failures: 0/N/A
Consecutive failures: 0/N/A
Consecutive failures: 0/N/A
Consecutive failures: 0/N/A
Consecutive failures: 0/N/A
Consecutive failures: 0/N/A
Consecutive failures: 0/N/A
Consecutive failures: 0/N/A
Consecutive failures: 0/N/A
Generation failed for document 2038505: Incomplete or unparsable MCQ content
Consecutive failures: 0/N/A
Consecutive failures: 0/N/A
Generation failed for document 2111413: Incomplete or unparsable MCQ content
Consecutive failures: 0/N/A
Generation failed for document 1830286: Incomplete or unparsable MCQ content
Consecutive failures: 0/N/A
Consecutive failures: 0/N/A
Consecutive failures: 0/N/A
Consecutive failures: 0/N/A
Consecutive failures: 0/N/A
Consecutive failures: 0/N/A
Consecutive failures: 0/N/A
Consecutive failures: 0/N/A
Consecutive failures: 0/N/A
Consecutive failures: 0/N/A
Consecutive failures: 0/N/A
Consecutive failures: 0/N/A
Consecutive failures: 0/N/A
Consecutive failures: 0/N/A
Consecutive failures: 0/N/A
Consecutive failures: 0/N/A
Consecutive failures: 0/N/A
Consecutive failures: 0/N/A
Consecutive failures: 0/N/A
Consecutive failures: 0/N/A
Consecutive failures: 0/N/A
Consecutive failures: 0/N/A
Consecutive failures: 0/N/A
Consecutive failures: 0/N/A
Consecutive failures: 0/N/A
Consecutive failures: 0/N/A
Consecutive failures: 0/N/A
Consecutive failures: 0/N/A
Consecutive failures: 0/N/A
Consecutive failures: 0/N/A
Consecutive failures: 0/N/A
Consecutive failures: 0/N/A
Generation failed for document 1290918: Incomplete or unparsable MCQ content
Consecutive failures: 0/N/A
Generation failed for document 1644081: Incomplete or unparsable MCQ content
Consecutive failures: 0/N/A
Consecutive failures: 0/N/A
Consecutive failures: 0/N/A
Consecutive failures: 0/N/A
Consecutive failures: 0/N/A
Generation failed for document 1873497: Incomplete or unparsable MCQ content
Consecutive failures: 0/N/A
Consecutive failures: 0/N/A
Generation failed for document 1897218: Incomplete or unparsable MCQ content
Consecutive failures: 0/N/A
Consecutive failures: 0/N/A
Consecutive failures: 0/N/A
Consecutive failures: 0/N/A
Consecutive failures: 0/N/A
Consecutive failures: 0/N/A
Consecutive failures: 0/N/A
Consecutive failures: 0/N/A
Consecutive failures: 0/N/A
Generation failed for document 1445987: Incomplete or unparsable MCQ content
Consecutive failures: 0/N/A
Consecutive failures: 0/N/A
Consecutive failures: 0/N/A
Consecutive failures: 0/N/A
Generation failed for document 47804: Incomplete or unparsable MCQ content
Consecutive failures: 0/N/A
Consecutive failures: 0/N/A
Consecutive failures: 0/N/A
Consecutive failures: 0/N/A
Consecutive failures: 0/N/A
Consecutive failures: 0/N/A
Consecutive failures: 0/N/A
Consecutive failures: 0/N/A
Consecutive failures: 0/N/A
Consecutive failures: 0/N/A
Consecutive failures: 0/N/A
Consecutive failures: 0/N/A
Generation failed for document 2015215: Incomplete or unparsable MCQ content
Consecutive failures: 0/N/A
Consecutive failures: 0/N/A
Generation failed for document 726591: Incomplete or unparsable MCQ content
Consecutive failures: 0/N/A
Generation failed for document 828851: Incomplete or unparsable MCQ content
Consecutive failures: 0/N/A
Consecutive failures: 0/N/A
Consecutive failures: 0/N/A
Consecutive failures: 0/N/A
Consecutive failures: 0/N/A
Consecutive failures: 0/N/A
Consecutive failures: 0/N/A
Generation failed for document 1531067: Incomplete or unparsable MCQ content
Consecutive failures: 0/N/A
Consecutive failures: 0/N/A
Consecutive failures: 0/N/A
Consecutive failures: 0/N/A
Consecutive failures: 0/N/A
Consecutive failures: 0/N/A
Consecutive failures: 0/N/A
Consecutive failures: 0/N/A
Consecutive failures: 0/N/A
Consecutive failures: 0/N/A
Consecutive failures: 0/N/A
Consecutive failures: 0/N/A
Consecutive failures: 0/N/A
Consecutive failures: 0/N/A
Consecutive failures: 0/N/A
Consecutive failures: 0/N/A
Consecutive failures: 0/N/A
Consecutive failures: 0/N/A
Consecutive failures: 0/N/A
Consecutive failures: 0/N/A
Consecutive failures: 0/N/A
Consecutive failures: 0/N/A
Consecutive failures: 0/N/A
Consecutive failures: 0/N/A
Consecutive failures: 0/N/A
Consecutive failures: 0/N/A
Consecutive failures: 0/N/A
Consecutive failures: 0/N/A
Consecutive failures: 0/N/A
Consecutive failures: 0/N/A
Consecutive failures: 0/N/A
Generation failed for document 796071: Incomplete or unparsable MCQ content
Consecutive failures: 0/N/A
Consecutive failures: 0/N/A
Consecutive failures: 0/N/A
Consecutive failures: 0/N/A
Consecutive failures: 0/N/A
Consecutive failures: 0/N/A
Consecutive failures: 0/N/A
Consecutive failures: 0/N/A
Consecutive failures: 0/N/A
Consecutive failures: 0/N/A
Consecutive failures: 0/N/A
Consecutive failures: 0/N/A
Generation failed for document 1142983: Incomplete or unparsable MCQ content
Consecutive failures: 0/N/A
Consecutive failures: 0/N/A
Consecutive failures: 0/N/A
Consecutive failures: 0/N/A
Consecutive failures: 0/N/A
Consecutive failures: 0/N/A
Consecutive failures: 0/N/A
Consecutive failures: 0/N/A
Consecutive failures: 0/N/A
Consecutive failures: 0/N/A
Consecutive failures: 0/N/A
Consecutive failures: 0/N/A
Consecutive failures: 0/N/A
Generation failed for document 1744071: Incomplete or unparsable MCQ content
Consecutive failures: 0/N/A
Consecutive failures: 0/N/A
Consecutive failures: 0/N/A
Consecutive failures: 0/N/A
Consecutive failures: 0/N/A
Consecutive failures: 0/N/A
Consecutive failures: 0/N/A
Consecutive failures: 0/N/A
Consecutive failures: 0/N/A
Consecutive failures: 0/N/A
Consecutive failures: 0/N/A
Consecutive failures: 0/N/A
Consecutive failures: 0/N/A
Consecutive failures: 0/N/A
Consecutive failures: 0/N/A
Consecutive failures: 0/N/A
Consecutive failures: 0/N/A
Consecutive failures: 0/N/A
Consecutive failures: 0/N/A
Consecutive failures: 0/N/A
Consecutive failures: 0/N/A
Consecutive failures: 0/N/A
Consecutive failures: 0/N/A
Consecutive failures: 0/N/A
Consecutive failures: 0/N/A
Consecutive failures: 0/N/A
Consecutive failures: 0/N/A
Consecutive failures: 0/N/A
Consecutive failures: 0/N/A
Consecutive failures: 0/N/A
Consecutive failures: 0/N/A
Consecutive failures: 0/N/A
Consecutive failures: 0/N/A
Consecutive failures: 0/N/A
Consecutive failures: 0/N/A
Consecutive failures: 0/N/A
Consecutive failures: 0/N/A
Generation failed for document 79267: Incomplete or unparsable MCQ content
Consecutive failures: 0/N/A
Consecutive failures: 0/N/A
Consecutive failures: 0/N/A
Consecutive failures: 0/N/A
Consecutive failures: 0/N/A
Consecutive failures: 0/N/A
Consecutive failures: 0/N/A
Generation failed for document 1076778: Incomplete or unparsable MCQ content
Consecutive failures: 0/N/A
Consecutive failures: 0/N/A
Consecutive failures: 0/N/A
Consecutive failures: 0/N/A
Consecutive failures: 0/N/A
Consecutive failures: 0/N/A
Consecutive failures: 0/N/A
Consecutive failures: 0/N/A
Consecutive failures: 0/N/A
Consecutive failures: 0/N/A
Consecutive failures: 0/N/A
Consecutive failures: 0/N/A
Consecutive failures: 0/N/A
Consecutive failures: 0/N/A
Consecutive failures: 0/N/A
Consecutive failures: 0/N/A
Generation failed for document 236505: Incomplete or unparsable MCQ content
Consecutive failures: 0/N/A
Generation failed for document 2022277: Incomplete or unparsable MCQ content
Consecutive failures: 0/N/A
Consecutive failures: 0/N/A
Consecutive failures: 0/N/A
Generation failed for document 786368: Incomplete or unparsable MCQ content
Consecutive failures: 0/N/A
Consecutive failures: 0/N/A
Generation failed for document 539025: Incomplete or unparsable MCQ content
Consecutive failures: 0/N/A
Consecutive failures: 0/N/A
Consecutive failures: 0/N/A
Consecutive failures: 0/N/A
Consecutive failures: 0/N/A
Consecutive failures: 0/N/A
Consecutive failures: 0/N/A
Consecutive failures: 0/N/A
Consecutive failures: 0/N/A
Consecutive failures: 0/N/A
Consecutive failures: 0/N/A
Generation failed for document 1601844: Incomplete or unparsable MCQ content
Consecutive failures: 0/N/A
Consecutive failures: 0/N/A
Consecutive failures: 0/N/A
Consecutive failures: 0/N/A
Consecutive failures: 0/N/A
Consecutive failures: 0/N/A
Consecutive failures: 0/N/A
Consecutive failures: 0/N/A
Consecutive failures: 0/N/A
Consecutive failures: 0/N/A
Consecutive failures: 0/N/A
Consecutive failures: 0/N/A
Consecutive failures: 0/N/A
Consecutive failures: 0/N/A
Consecutive failures: 0/N/A
Consecutive failures: 0/N/A
Consecutive failures: 0/N/A
Consecutive failures: 0/N/A
Consecutive failures: 0/N/A
Consecutive failures: 0/N/A
Consecutive failures: 0/N/A
Consecutive failures: 0/N/A
Consecutive failures: 0/N/A
Consecutive failures: 0/N/A
Consecutive failures: 0/N/A
Consecutive failures: 0/N/A
Consecutive failures: 0/N/A
Consecutive failures: 0/N/A
Consecutive failures: 0/N/A
Consecutive failures: 0/N/A
Consecutive failures: 0/N/A
Consecutive failures: 0/N/A
Consecutive failures: 0/N/A
Consecutive failures: 0/N/A
Consecutive failures: 0/N/A
Consecutive failures: 0/N/A
Consecutive failures: 0/N/A
Consecutive failures: 0/N/A
Consecutive failures: 0/N/A
Consecutive failures: 0/N/A
Consecutive failures: 0/N/A
Consecutive failures: 0/N/A
Consecutive failures: 0/N/A
Consecutive failures: 0/N/A
Consecutive failures: 0/N/A
Consecutive failures: 0/N/A
Consecutive failures: 0/N/A
Consecutive failures: 0/N/A
Consecutive failures: 0/N/A
Consecutive failures: 0/N/A
Consecutive failures: 0/N/A
Consecutive failures: 0/N/A
Consecutive failures: 0/N/A
Generation failed for document 1276589: Incomplete or unparsable MCQ content
Consecutive failures: 0/N/A
Consecutive failures: 0/N/A
Consecutive failures: 0/N/A
Consecutive failures: 0/N/A
Consecutive failures: 0/N/A
Consecutive failures: 0/N/A
Consecutive failures: 0/N/A
Generation failed for document 1537903: Incomplete or unparsable MCQ content
Consecutive failures: 0/N/A
Consecutive failures: 0/N/A
Consecutive failures: 0/N/A
Consecutive failures: 0/N/A
Consecutive failures: 0/N/A
Consecutive failures: 0/N/A
Consecutive failures: 0/N/A
Consecutive failures: 0/N/A
Consecutive failures: 0/N/A
Consecutive failures: 0/N/A
Consecutive failures: 0/N/A
Consecutive failures: 0/N/A
Consecutive failures: 0/N/A
Consecutive failures: 0/N/A
Consecutive failures: 0/N/A
Consecutive failures: 0/N/A
Consecutive failures: 0/N/A
Consecutive failures: 0/N/A
Consecutive failures: 0/N/A
Consecutive failures: 0/N/A
Consecutive failures: 0/N/A
Consecutive failures: 0/N/A
Consecutive failures: 0/N/A
Generation failed for document 1645736: Incomplete or unparsable MCQ content
Consecutive failures: 0/N/A
Consecutive failures: 0/N/A
Consecutive failures: 0/N/A
Consecutive failures: 0/N/A
Consecutive failures: 0/N/A
Consecutive failures: 0/N/A
Generation failed for document 494755: Incomplete or unparsable MCQ content
Consecutive failures: 0/N/A
Generation failed for document 2090108: Incomplete or unparsable MCQ content
Consecutive failures: 0/N/A
Consecutive failures: 0/N/A
Consecutive failures: 0/N/A
Consecutive failures: 0/N/A
Consecutive failures: 0/N/A
Consecutive failures: 0/N/A
Consecutive failures: 0/N/A
Consecutive failures: 0/N/A
Consecutive failures: 0/N/A
Consecutive failures: 0/N/A
Generation failed for document 1447193: Incomplete or unparsable MCQ content
Consecutive failures: 0/N/A
Consecutive failures: 0/N/A
Consecutive failures: 0/N/A
Consecutive failures: 0/N/A
Consecutive failures: 0/N/A
Consecutive failures: 0/N/A
Consecutive failures: 0/N/A
Consecutive failures: 0/N/A
Consecutive failures: 0/N/A
Consecutive failures: 0/N/A
Consecutive failures: 0/N/A
Consecutive failures: 0/N/A
Consecutive failures: 0/N/A
Consecutive failures: 0/N/A
Consecutive failures: 0/N/A
Consecutive failures: 0/N/A
Consecutive failures: 0/N/A
Consecutive failures: 0/N/A
Consecutive failures: 0/N/A
Consecutive failures: 0/N/A
Consecutive failures: 0/N/A
Consecutive failures: 0/N/A
Consecutive failures: 0/N/A
Consecutive failures: 0/N/A
Consecutive failures: 0/N/A
Consecutive failures: 0/N/A
Consecutive failures: 0/N/A
Consecutive failures: 0/N/A
Consecutive failures: 0/N/A
Consecutive failures: 0/N/A
Consecutive failures: 0/N/A
Consecutive failures: 0/N/A
Generation failed for document 742205: Incomplete or unparsable MCQ content
Consecutive failures: 0/N/A
Consecutive failures: 0/N/A
Consecutive failures: 0/N/A
Consecutive failures: 0/N/A
Consecutive failures: 0/N/A
Consecutive failures: 0/N/A
Consecutive failures: 0/N/A
Consecutive failures: 0/N/A
Consecutive failures: 0/N/A
Generation failed for document 816426: Incomplete or unparsable MCQ content
Consecutive failures: 0/N/A
Generation failed for document 422976: Incomplete or unparsable MCQ content
Consecutive failures: 0/N/A
Consecutive failures: 0/N/A
Consecutive failures: 0/N/A
Consecutive failures: 0/N/A
Consecutive failures: 0/N/A
Consecutive failures: 0/N/A
Consecutive failures: 0/N/A
Generation failed for document 1503594: Incomplete or unparsable MCQ content
Consecutive failures: 0/N/A
Consecutive failures: 0/N/A
Consecutive failures: 0/N/A
Generation failed for document 7236: Incomplete or unparsable MCQ content
Consecutive failures: 0/N/A
Consecutive failures: 0/N/A
Consecutive failures: 0/N/A
Consecutive failures: 0/N/A
Consecutive failures: 0/N/A
Consecutive failures: 0/N/A
Consecutive failures: 0/N/A
Consecutive failures: 0/N/A
Consecutive failures: 0/N/A
Consecutive failures: 0/N/A
Consecutive failures: 0/N/A
Consecutive failures: 0/N/A
Consecutive failures: 0/N/A
Generation failed for document 2060342: Incomplete or unparsable MCQ content
Consecutive failures: 0/N/A
Consecutive failures: 0/N/A
Generation failed for document 901998: Incomplete or unparsable MCQ content
Consecutive failures: 0/N/A
Consecutive failures: 0/N/A
Consecutive failures: 0/N/A
Consecutive failures: 0/N/A
Consecutive failures: 0/N/A
Consecutive failures: 0/N/A
Consecutive failures: 0/N/A
Consecutive failures: 0/N/A
Consecutive failures: 0/N/A
Consecutive failures: 0/N/A
Consecutive failures: 0/N/A
Consecutive failures: 0/N/A
Generation failed for document 286271: Incomplete or unparsable MCQ content
Consecutive failures: 0/N/A
Consecutive failures: 0/N/A
Consecutive failures: 0/N/A
Consecutive failures: 0/N/A
Consecutive failures: 0/N/A
Consecutive failures: 0/N/A
Consecutive failures: 0/N/A
Consecutive failures: 0/N/A
Consecutive failures: 0/N/A
Consecutive failures: 0/N/A
Consecutive failures: 0/N/A
Consecutive failures: 0/N/A
Consecutive failures: 0/N/A
Consecutive failures: 0/N/A
Consecutive failures: 0/N/A
Consecutive failures: 0/N/A
Consecutive failures: 0/N/A
Generation failed for document 787438: Incomplete or unparsable MCQ content
Consecutive failures: 0/N/A
Consecutive failures: 0/N/A
Consecutive failures: 0/N/A
Consecutive failures: 0/N/A
Generation failed for document 1012301: Incomplete or unparsable MCQ content
Consecutive failures: 0/N/A
Consecutive failures: 0/N/A
Consecutive failures: 0/N/A
Consecutive failures: 0/N/A
Consecutive failures: 0/N/A
Consecutive failures: 0/N/A
Consecutive failures: 0/N/A
Consecutive failures: 0/N/A
Consecutive failures: 0/N/A
Consecutive failures: 0/N/A
Consecutive failures: 0/N/A
Consecutive failures: 0/N/A
Generation failed for document 43884: Incomplete or unparsable MCQ content
Consecutive failures: 0/N/A
Consecutive failures: 0/N/A
Consecutive failures: 0/N/A
Consecutive failures: 0/N/A
Generation failed for document 2004985: Incomplete or unparsable MCQ content
Consecutive failures: 0/N/A
Consecutive failures: 0/N/A
Consecutive failures: 0/N/A
Consecutive failures: 0/N/A
Consecutive failures: 0/N/A
Consecutive failures: 0/N/A
Consecutive failures: 0/N/A
Consecutive failures: 0/N/A
Consecutive failures: 0/N/A
Consecutive failures: 0/N/A
Consecutive failures: 0/N/A
Consecutive failures: 0/N/A
Consecutive failures: 0/N/A
Consecutive failures: 0/N/A
Consecutive failures: 0/N/A
Generation failed for document 1783430: Incomplete or unparsable MCQ content
Consecutive failures: 0/N/A
Consecutive failures: 0/N/A
Consecutive failures: 0/N/A
Consecutive failures: 0/N/A
Consecutive failures: 0/N/A
Consecutive failures: 0/N/A
Consecutive failures: 0/N/A
Consecutive failures: 0/N/A
Consecutive failures: 0/N/A
Consecutive failures: 0/N/A
Consecutive failures: 0/N/A
Consecutive failures: 0/N/A
Consecutive failures: 0/N/A
Consecutive failures: 0/N/A
Consecutive failures: 0/N/A
Consecutive failures: 0/N/A
Consecutive failures: 0/N/A
Consecutive failures: 0/N/A
Generation failed for document 1246492: Incomplete or unparsable MCQ content
Consecutive failures: 0/N/A
Consecutive failures: 0/N/A
Consecutive failures: 0/N/A
Consecutive failures: 0/N/A
Consecutive failures: 0/N/A
Consecutive failures: 0/N/A
Generation failed for document 1113651: Incomplete or unparsable MCQ content
Consecutive failures: 0/N/A
Generation failed for document 1551971: Incomplete or unparsable MCQ content
Consecutive failures: 0/N/A
Consecutive failures: 0/N/A
Consecutive failures: 0/N/A
Consecutive failures: 0/N/A
Consecutive failures: 0/N/A
Consecutive failures: 0/N/A
Consecutive failures: 0/N/A
Consecutive failures: 0/N/A
Consecutive failures: 0/N/A
Generation failed for document 32174: Incomplete or unparsable MCQ content
Consecutive failures: 0/N/A
Consecutive failures: 0/N/A
Consecutive failures: 0/N/A
Consecutive failures: 0/N/A
Consecutive failures: 0/N/A
Consecutive failures: 0/N/A
Generation failed for document 934887: Incomplete or unparsable MCQ content
Consecutive failures: 0/N/A
Consecutive failures: 0/N/A
Consecutive failures: 0/N/A
Consecutive failures: 0/N/A
Consecutive failures: 0/N/A
Consecutive failures: 0/N/A
Generation failed for document 358128: Incomplete or unparsable MCQ content
Consecutive failures: 0/N/A
Generation failed for document 1426799: Incomplete or unparsable MCQ content
Consecutive failures: 0/N/A
Consecutive failures: 0/N/A
Consecutive failures: 0/N/A
Consecutive failures: 0/N/A
Consecutive failures: 0/N/A
Consecutive failures: 0/N/A
Consecutive failures: 0/N/A
Consecutive failures: 0/N/A
Consecutive failures: 0/N/A
Consecutive failures: 0/N/A
Consecutive failures: 0/N/A
Consecutive failures: 0/N/A
Consecutive failures: 0/N/A
Consecutive failures: 0/N/A
Consecutive failures: 0/N/A
Consecutive failures: 0/N/A
Consecutive failures: 0/N/A
Consecutive failures: 0/N/A
Consecutive failures: 0/N/A
Consecutive failures: 0/N/A
Generation failed for document 368263: Incomplete or unparsable MCQ content
Consecutive failures: 0/N/A
Consecutive failures: 0/N/A
Consecutive failures: 0/N/A
Consecutive failures: 0/N/A
Consecutive failures: 0/N/A
Consecutive failures: 0/N/A
Consecutive failures: 0/N/A
Consecutive failures: 0/N/A
Consecutive failures: 0/N/A
Consecutive failures: 0/N/A
Consecutive failures: 0/N/A
Consecutive failures: 0/N/A
Consecutive failures: 0/N/A
Consecutive failures: 0/N/A
Consecutive failures: 0/N/A
Generation failed for document 1372472: Incomplete or unparsable MCQ content
Consecutive failures: 0/N/A
Consecutive failures: 0/N/A
Consecutive failures: 0/N/A
Consecutive failures: 0/N/A
Consecutive failures: 0/N/A
Consecutive failures: 0/N/A
Consecutive failures: 0/N/A
Consecutive failures: 0/N/A
Consecutive failures: 0/N/A
Consecutive failures: 0/N/A
Consecutive failures: 0/N/A
Consecutive failures: 0/N/A
Consecutive failures: 0/N/A
Consecutive failures: 0/N/A
Consecutive failures: 0/N/A
Consecutive failures: 0/N/A
Consecutive failures: 0/N/A
Consecutive failures: 0/N/A
Generation failed for document 1113483: Incomplete or unparsable MCQ content
Consecutive failures: 0/N/A
Consecutive failures: 0/N/A
Consecutive failures: 0/N/A
Consecutive failures: 0/N/A
Consecutive failures: 0/N/A
Generation failed for document 871110: Incomplete or unparsable MCQ content
Consecutive failures: 0/N/A
Consecutive failures: 0/N/A
Consecutive failures: 0/N/A
Consecutive failures: 0/N/A
Consecutive failures: 0/N/A
Consecutive failures: 0/N/A
Consecutive failures: 0/N/A
Consecutive failures: 0/N/A
Consecutive failures: 0/N/A
Consecutive failures: 0/N/A
Consecutive failures: 0/N/A
Consecutive failures: 0/N/A
Consecutive failures: 0/N/A
Consecutive failures: 0/N/A
Consecutive failures: 0/N/A
Consecutive failures: 0/N/A
Consecutive failures: 0/N/A
Consecutive failures: 0/N/A
Consecutive failures: 0/N/A
Consecutive failures: 0/N/A
Generation failed for document 672529: Incomplete or unparsable MCQ content
Consecutive failures: 0/N/A
Consecutive failures: 0/N/A
Consecutive failures: 0/N/A
Consecutive failures: 0/N/A
Consecutive failures: 0/N/A
Consecutive failures: 0/N/A
Consecutive failures: 0/N/A
Consecutive failures: 0/N/A
Generation failed for document 1861613: Incomplete or unparsable MCQ content
Consecutive failures: 0/N/A
Consecutive failures: 0/N/A
Consecutive failures: 0/N/A
Consecutive failures: 0/N/A
Consecutive failures: 0/N/A
Consecutive failures: 0/N/A
Consecutive failures: 0/N/A
Consecutive failures: 0/N/A
Consecutive failures: 0/N/A
Consecutive failures: 0/N/A
Consecutive failures: 0/N/A
Consecutive failures: 0/N/A
Consecutive failures: 0/N/A
Consecutive failures: 0/N/A
Generation failed for document 189847: Incomplete or unparsable MCQ content
Consecutive failures: 0/N/A
Consecutive failures: 0/N/A
Consecutive failures: 0/N/A
Consecutive failures: 0/N/A
Consecutive failures: 0/N/A
Consecutive failures: 0/N/A
Consecutive failures: 0/N/A
Generation failed for document 1482802: Incomplete or unparsable MCQ content
Consecutive failures: 0/N/A
Consecutive failures: 0/N/A
Consecutive failures: 0/N/A
Consecutive failures: 0/N/A
Consecutive failures: 0/N/A
Consecutive failures: 0/N/A
Consecutive failures: 0/N/A
Consecutive failures: 0/N/A
Consecutive failures: 0/N/A
Consecutive failures: 0/N/A
Consecutive failures: 0/N/A
Consecutive failures: 0/N/A
Consecutive failures: 0/N/A
Consecutive failures: 0/N/A
Consecutive failures: 0/N/A
Consecutive failures: 0/N/A
Consecutive failures: 0/N/A
Generation failed for document 1497793: Incomplete or unparsable MCQ content
Consecutive failures: 0/N/A
Consecutive failures: 0/N/A
Generation failed for document 178702: Incomplete or unparsable MCQ content
Consecutive failures: 0/N/A
Consecutive failures: 0/N/A
Consecutive failures: 0/N/A
Consecutive failures: 0/N/A
Consecutive failures: 0/N/A
Consecutive failures: 0/N/A
Generation failed for document 471847: Incomplete or unparsable MCQ content
Consecutive failures: 0/N/A
Generation failed for document 1298444: Incomplete or unparsable MCQ content
Consecutive failures: 0/N/A
Consecutive failures: 0/N/A
Consecutive failures: 0/N/A
Consecutive failures: 0/N/A
Consecutive failures: 0/N/A
Consecutive failures: 0/N/A
Consecutive failures: 0/N/A
Consecutive failures: 0/N/A
Consecutive failures: 0/N/A
Consecutive failures: 0/N/A
Consecutive failures: 0/N/A
Consecutive failures: 0/N/A
Consecutive failures: 0/N/A
Consecutive failures: 0/N/A
Consecutive failures: 0/N/A
Consecutive failures: 0/N/A
Consecutive failures: 0/N/A
Consecutive failures: 0/N/A
Consecutive failures: 0/N/A
Consecutive failures: 0/N/A
Consecutive failures: 0/N/A
Consecutive failures: 0/N/A
Consecutive failures: 0/N/A
Consecutive failures: 0/N/A
Consecutive failures: 0/N/A
Consecutive failures: 0/N/A
Consecutive failures: 0/N/A
Consecutive failures: 0/N/A
Consecutive failures: 0/N/A
Consecutive failures: 0/N/A
Consecutive failures: 0/N/A
Consecutive failures: 0/N/A
Consecutive failures: 0/N/A
Consecutive failures: 0/N/A
Generation failed for document 131185: Incomplete or unparsable MCQ content
Consecutive failures: 0/N/A
Consecutive failures: 0/N/A
Consecutive failures: 0/N/A
Generation failed for document 1552564: Incomplete or unparsable MCQ content
Consecutive failures: 0/N/A
Consecutive failures: 0/N/A
Consecutive failures: 0/N/A
Consecutive failures: 0/N/A
Consecutive failures: 0/N/A
Consecutive failures: 0/N/A
Consecutive failures: 0/N/A
Consecutive failures: 0/N/A
Consecutive failures: 0/N/A
Consecutive failures: 0/N/A
Consecutive failures: 0/N/A
Consecutive failures: 0/N/A
Consecutive failures: 0/N/A
Consecutive failures: 0/N/A
Consecutive failures: 0/N/A
Consecutive failures: 0/N/A
Consecutive failures: 0/N/A
Generation failed for document 726303: Incomplete or unparsable MCQ content
Consecutive failures: 0/N/A
Consecutive failures: 0/N/A
Consecutive failures: 0/N/A
Consecutive failures: 0/N/A
Consecutive failures: 0/N/A
Generation failed for document 866178: Incomplete or unparsable MCQ content
Consecutive failures: 0/N/A
Consecutive failures: 0/N/A
Consecutive failures: 0/N/A
Consecutive failures: 0/N/A
Consecutive failures: 0/N/A
Consecutive failures: 0/N/A
Consecutive failures: 0/N/A
Consecutive failures: 0/N/A
Generation failed for document 219790: Incomplete or unparsable MCQ content
Consecutive failures: 0/N/A
Consecutive failures: 0/N/A
Consecutive failures: 0/N/A
Consecutive failures: 0/N/A
Consecutive failures: 0/N/A
Consecutive failures: 0/N/A
Consecutive failures: 0/N/A
Consecutive failures: 0/N/A
Consecutive failures: 0/N/A
Consecutive failures: 0/N/A
Consecutive failures: 0/N/A
Consecutive failures: 0/N/A
Consecutive failures: 0/N/A
Consecutive failures: 0/N/A
Consecutive failures: 0/N/A
Consecutive failures: 0/N/A
Consecutive failures: 0/N/A
Consecutive failures: 0/N/A
Consecutive failures: 0/N/A
Generation failed for document 786636: Incomplete or unparsable MCQ content
Consecutive failures: 0/N/A
Consecutive failures: 0/N/A
Consecutive failures: 0/N/A
Generation failed for document 1672635: Incomplete or unparsable MCQ content
Consecutive failures: 0/N/A
Consecutive failures: 0/N/A
Consecutive failures: 0/N/A
Consecutive failures: 0/N/A
Consecutive failures: 0/N/A
Consecutive failures: 0/N/A
Consecutive failures: 0/N/A
Consecutive failures: 0/N/A
Consecutive failures: 0/N/A
Consecutive failures: 0/N/A
Consecutive failures: 0/N/A
Consecutive failures: 0/N/A
Consecutive failures: 0/N/A
Consecutive failures: 0/N/A
Consecutive failures: 0/N/A
Consecutive failures: 0/N/A
Consecutive failures: 0/N/A
Generation failed for document 1159135: Incomplete or unparsable MCQ content
Consecutive failures: 0/N/A
Consecutive failures: 0/N/A
Consecutive failures: 0/N/A
Consecutive failures: 0/N/A
Consecutive failures: 0/N/A
Consecutive failures: 0/N/A
Consecutive failures: 0/N/A
Consecutive failures: 0/N/A
Consecutive failures: 0/N/A
Consecutive failures: 0/N/A
Consecutive failures: 0/N/A
Consecutive failures: 0/N/A
Consecutive failures: 0/N/A
Consecutive failures: 0/N/A
Consecutive failures: 0/N/A
Consecutive failures: 0/N/A
Consecutive failures: 0/N/A
Consecutive failures: 0/N/A
Consecutive failures: 0/N/A
Consecutive failures: 0/N/A
Consecutive failures: 0/N/A
Consecutive failures: 0/N/A
Consecutive failures: 0/N/A
Consecutive failures: 0/N/A
Consecutive failures: 0/N/A
Consecutive failures: 0/N/A
Consecutive failures: 0/N/A
Consecutive failures: 0/N/A
Consecutive failures: 0/N/A
Consecutive failures: 0/N/A
Consecutive failures: 0/N/A
Consecutive failures: 0/N/A
Consecutive failures: 0/N/A
Consecutive failures: 0/N/A
Consecutive failures: 0/N/A
Consecutive failures: 0/N/A
Consecutive failures: 0/N/A
Consecutive failures: 0/N/A
Consecutive failures: 0/N/A
Generation failed for document 181469: Incomplete or unparsable MCQ content
Consecutive failures: 0/N/A
Consecutive failures: 0/N/A
Consecutive failures: 0/N/A
Consecutive failures: 0/N/A
Consecutive failures: 0/N/A
Consecutive failures: 0/N/A
Consecutive failures: 0/N/A
Generation failed for document 1843066: Incomplete or unparsable MCQ content
Consecutive failures: 0/N/A
Consecutive failures: 0/N/A
Consecutive failures: 0/N/A
Consecutive failures: 0/N/A
Consecutive failures: 0/N/A
Consecutive failures: 0/N/A
Consecutive failures: 0/N/A
Consecutive failures: 0/N/A
Consecutive failures: 0/N/A
Consecutive failures: 0/N/A
Consecutive failures: 0/N/A
Consecutive failures: 0/N/A
Consecutive failures: 0/N/A
Consecutive failures: 0/N/A
Consecutive failures: 0/N/A
Consecutive failures: 0/N/A
Consecutive failures: 0/N/A
Consecutive failures: 0/N/A
Consecutive failures: 0/N/A
Consecutive failures: 0/N/A
Consecutive failures: 0/N/A
Generation failed for document 260346: Incomplete or unparsable MCQ content
Consecutive failures: 0/N/A
Consecutive failures: 0/N/A
Consecutive failures: 0/N/A
Consecutive failures: 0/N/A
Consecutive failures: 0/N/A
Consecutive failures: 0/N/A
Consecutive failures: 0/N/A
Consecutive failures: 0/N/A
Consecutive failures: 0/N/A
Consecutive failures: 0/N/A
Consecutive failures: 0/N/A
Consecutive failures: 0/N/A
Consecutive failures: 0/N/A
Consecutive failures: 0/N/A
Generation failed for document 427133: Incomplete or unparsable MCQ content
Consecutive failures: 0/N/A
Consecutive failures: 0/N/A
Consecutive failures: 0/N/A
Consecutive failures: 0/N/A
Consecutive failures: 0/N/A
Consecutive failures: 0/N/A
Consecutive failures: 0/N/A
Consecutive failures: 0/N/A
Consecutive failures: 0/N/A
Consecutive failures: 0/N/A
Consecutive failures: 0/N/A
Consecutive failures: 0/N/A
Consecutive failures: 0/N/A
Consecutive failures: 0/N/A
Consecutive failures: 0/N/A
Consecutive failures: 0/N/A
Consecutive failures: 0/N/A
Consecutive failures: 0/N/A
Consecutive failures: 0/N/A
Consecutive failures: 0/N/A
Consecutive failures: 0/N/A
Consecutive failures: 0/N/A
Consecutive failures: 0/N/A
Generation failed for document 1541141: Incomplete or unparsable MCQ content
Consecutive failures: 0/N/A
Consecutive failures: 0/N/A
Consecutive failures: 0/N/A
Generation failed for document 839929: Incomplete or unparsable MCQ content
Consecutive failures: 0/N/A
Consecutive failures: 0/N/A
Consecutive failures: 0/N/A
Consecutive failures: 0/N/A
Consecutive failures: 0/N/A
Consecutive failures: 0/N/A
Consecutive failures: 0/N/A
Consecutive failures: 0/N/A
Consecutive failures: 0/N/A
Consecutive failures: 0/N/A
Generation failed for document 726041: Incomplete or unparsable MCQ content
Consecutive failures: 0/N/A
Consecutive failures: 0/N/A
Consecutive failures: 0/N/A
Consecutive failures: 0/N/A
Consecutive failures: 0/N/A
Consecutive failures: 0/N/A
Consecutive failures: 0/N/A
Consecutive failures: 0/N/A
Consecutive failures: 0/N/A
Generation failed for document 1630044: Incomplete or unparsable MCQ content
Consecutive failures: 0/N/A
Consecutive failures: 0/N/A
Generation failed for document 2045781: Incomplete or unparsable MCQ content
Consecutive failures: 0/N/A
Consecutive failures: 0/N/A
Consecutive failures: 0/N/A
Consecutive failures: 0/N/A
Consecutive failures: 0/N/A
Consecutive failures: 0/N/A
Consecutive failures: 0/N/A
Consecutive failures: 0/N/A
Consecutive failures: 0/N/A
Consecutive failures: 0/N/A
Consecutive failures: 0/N/A
Consecutive failures: 0/N/A
Consecutive failures: 0/N/A
Consecutive failures: 0/N/A
Consecutive failures: 0/N/A
Consecutive failures: 0/N/A
Consecutive failures: 0/N/A
Consecutive failures: 0/N/A
Consecutive failures: 0/N/A
Consecutive failures: 0/N/A
Consecutive failures: 0/N/A
Consecutive failures: 0/N/A
Generation failed for document 1301041: Incomplete or unparsable MCQ content
Consecutive failures: 0/N/A
Consecutive failures: 0/N/A
Consecutive failures: 0/N/A
Consecutive failures: 0/N/A
Consecutive failures: 0/N/A
Consecutive failures: 0/N/A
Consecutive failures: 0/N/A
Consecutive failures: 0/N/A
Consecutive failures: 0/N/A
Consecutive failures: 0/N/A
Consecutive failures: 0/N/A
Consecutive failures: 0/N/A
Consecutive failures: 0/N/A
Consecutive failures: 0/N/A
Consecutive failures: 0/N/A
Consecutive failures: 0/N/A
Consecutive failures: 0/N/A
Consecutive failures: 0/N/A
Generation failed for document 724292: Incomplete or unparsable MCQ content
Consecutive failures: 0/N/A
Consecutive failures: 0/N/A
Consecutive failures: 0/N/A
Consecutive failures: 0/N/A
Consecutive failures: 0/N/A
Consecutive failures: 0/N/A
Consecutive failures: 0/N/A
Consecutive failures: 0/N/A
Consecutive failures: 0/N/A
Consecutive failures: 0/N/A
Consecutive failures: 0/N/A
Consecutive failures: 0/N/A
Generation failed for document 820181: Incomplete or unparsable MCQ content
Consecutive failures: 0/N/A
Consecutive failures: 0/N/A
Consecutive failures: 0/N/A
Consecutive failures: 0/N/A
Consecutive failures: 0/N/A
Consecutive failures: 0/N/A
Consecutive failures: 0/N/A
Consecutive failures: 0/N/A
Consecutive failures: 0/N/A
Consecutive failures: 0/N/A
Consecutive failures: 0/N/A
Consecutive failures: 0/N/A
Consecutive failures: 0/N/A
Consecutive failures: 0/N/A
Consecutive failures: 0/N/A
Consecutive failures: 0/N/A
Generation failed for document 798436: Incomplete or unparsable MCQ content
Consecutive failures: 0/N/A
Consecutive failures: 0/N/A
Consecutive failures: 0/N/A
Consecutive failures: 0/N/A
Consecutive failures: 0/N/A
Consecutive failures: 0/N/A
Consecutive failures: 0/N/A
Consecutive failures: 0/N/A
Consecutive failures: 0/N/A
Consecutive failures: 0/N/A
Consecutive failures: 0/N/A
Consecutive failures: 0/N/A
Consecutive failures: 0/N/A
Consecutive failures: 0/N/A
Consecutive failures: 0/N/A
Consecutive failures: 0/N/A
Generation failed for document 990526: Incomplete or unparsable MCQ content
Consecutive failures: 0/N/A
Consecutive failures: 0/N/A
Consecutive failures: 0/N/A
Consecutive failures: 0/N/A
Consecutive failures: 0/N/A
Generation failed for document 243277: Incomplete or unparsable MCQ content
Consecutive failures: 0/N/A
Generation failed for document 1541158: Incomplete or unparsable MCQ content
Consecutive failures: 0/N/A
Consecutive failures: 0/N/A
Consecutive failures: 0/N/A
Consecutive failures: 0/N/A
Consecutive failures: 0/N/A
Consecutive failures: 0/N/A
Consecutive failures: 0/N/A
Consecutive failures: 0/N/A
Generation failed for document 1596591: Incomplete or unparsable MCQ content
Consecutive failures: 0/N/A
Consecutive failures: 0/N/A
Consecutive failures: 0/N/A
Consecutive failures: 0/N/A
Consecutive failures: 0/N/A
Consecutive failures: 0/N/A
Consecutive failures: 0/N/A
Consecutive failures: 0/N/A
Consecutive failures: 0/N/A
Consecutive failures: 0/N/A
Consecutive failures: 0/N/A
Consecutive failures: 0/N/A
Consecutive failures: 0/N/A
Consecutive failures: 0/N/A
Consecutive failures: 0/N/A
Consecutive failures: 0/N/A
Consecutive failures: 0/N/A
Generation failed for document 629953: Incomplete or unparsable MCQ content
Consecutive failures: 0/N/A
Consecutive failures: 0/N/A
Consecutive failures: 0/N/A
Consecutive failures: 0/N/A
Consecutive failures: 0/N/A
Consecutive failures: 0/N/A
Consecutive failures: 0/N/A
Consecutive failures: 0/N/A
Generation failed for document 1268608: Incomplete or unparsable MCQ content
Consecutive failures: 0/N/A
Consecutive failures: 0/N/A
Consecutive failures: 0/N/A
Consecutive failures: 0/N/A
Consecutive failures: 0/N/A
Generation failed for document 535494: Incomplete or unparsable MCQ content
Consecutive failures: 0/N/A
Consecutive failures: 0/N/A
Consecutive failures: 0/N/A
Consecutive failures: 0/N/A
Consecutive failures: 0/N/A
Consecutive failures: 0/N/A
Consecutive failures: 0/N/A
Consecutive failures: 0/N/A
Consecutive failures: 0/N/A
Consecutive failures: 0/N/A
Consecutive failures: 0/N/A
Consecutive failures: 0/N/A
Consecutive failures: 0/N/A
Consecutive failures: 0/N/A
Consecutive failures: 0/N/A
Consecutive failures: 0/N/A
Consecutive failures: 0/N/A
Consecutive failures: 0/N/A
Consecutive failures: 0/N/A
Consecutive failures: 0/N/A
Consecutive failures: 0/N/A
Consecutive failures: 0/N/A
Consecutive failures: 0/N/A
Consecutive failures: 0/N/A
Consecutive failures: 0/N/A
Consecutive failures: 0/N/A
Consecutive failures: 0/N/A
Consecutive failures: 0/N/A
Generation failed for document 48163: Incomplete or unparsable MCQ content
Consecutive failures: 0/N/A
Consecutive failures: 0/N/A
Consecutive failures: 0/N/A
Consecutive failures: 0/N/A
Consecutive failures: 0/N/A
Consecutive failures: 0/N/A
Generation failed for document 1846118: Incomplete or unparsable MCQ content
Consecutive failures: 0/N/A
Consecutive failures: 0/N/A
Consecutive failures: 0/N/A
Generation failed for document 1614541: Incomplete or unparsable MCQ content
Consecutive failures: 0/N/A
Consecutive failures: 0/N/A
Consecutive failures: 0/N/A
Consecutive failures: 0/N/A
Generation failed for document 1244264: Incomplete or unparsable MCQ content
Consecutive failures: 0/N/A
Consecutive failures: 0/N/A
Consecutive failures: 0/N/A
Generation failed for document 1863684: Incomplete or unparsable MCQ content
Consecutive failures: 0/N/A
Consecutive failures: 0/N/A
Generation failed for document 961125: Incomplete or unparsable MCQ content
Consecutive failures: 0/N/A
Generation failed for document 1286684: Incomplete or unparsable MCQ content
Consecutive failures: 0/N/A
Consecutive failures: 0/N/A
Consecutive failures: 0/N/A
Consecutive failures: 0/N/A
Consecutive failures: 0/N/A
Consecutive failures: 0/N/A
Generation failed for document 504222: Incomplete or unparsable MCQ content
Consecutive failures: 0/N/A
Consecutive failures: 0/N/A
Consecutive failures: 0/N/A
Generation failed for document 1962371: Incomplete or unparsable MCQ content
Consecutive failures: 0/N/A
Consecutive failures: 0/N/A
Consecutive failures: 0/N/A
Consecutive failures: 0/N/A
Consecutive failures: 0/N/A
Consecutive failures: 0/N/A
Generation failed for document 445233: Incomplete or unparsable MCQ content
Consecutive failures: 0/N/A
Consecutive failures: 0/N/A
Consecutive failures: 0/N/A
Consecutive failures: 0/N/A
Consecutive failures: 0/N/A
Consecutive failures: 0/N/A
Consecutive failures: 0/N/A
Consecutive failures: 0/N/A
Consecutive failures: 0/N/A
Consecutive failures: 0/N/A
Consecutive failures: 0/N/A
Consecutive failures: 0/N/A
Consecutive failures: 0/N/A
Consecutive failures: 0/N/A
Consecutive failures: 0/N/A
Consecutive failures: 0/N/A
Consecutive failures: 0/N/A
Consecutive failures: 0/N/A
Consecutive failures: 0/N/A
Consecutive failures: 0/N/A
Consecutive failures: 0/N/A
Consecutive failures: 0/N/A
Consecutive failures: 0/N/A
Consecutive failures: 0/N/A
Consecutive failures: 0/N/A
Consecutive failures: 0/N/A
Generation failed for document 646761: Incomplete or unparsable MCQ content
Consecutive failures: 0/N/A
Consecutive failures: 0/N/A
Consecutive failures: 0/N/A
Consecutive failures: 0/N/A
Consecutive failures: 0/N/A
Consecutive failures: 0/N/A
Consecutive failures: 0/N/A
Consecutive failures: 0/N/A
Consecutive failures: 0/N/A
Consecutive failures: 0/N/A
Consecutive failures: 0/N/A
Consecutive failures: 0/N/A
Consecutive failures: 0/N/A
Consecutive failures: 0/N/A
Consecutive failures: 0/N/A
Consecutive failures: 0/N/A
Consecutive failures: 0/N/A
Consecutive failures: 0/N/A
Consecutive failures: 0/N/A
Consecutive failures: 0/N/A
Consecutive failures: 0/N/A
Consecutive failures: 0/N/A
Consecutive failures: 0/N/A
Consecutive failures: 0/N/A
Consecutive failures: 0/N/A
Consecutive failures: 0/N/A
Consecutive failures: 0/N/A
Consecutive failures: 0/N/A
Consecutive failures: 0/N/A
Consecutive failures: 0/N/A
Consecutive failures: 0/N/A
Consecutive failures: 0/N/A
Generation failed for document 311822: Incomplete or unparsable MCQ content
Consecutive failures: 0/N/A
Consecutive failures: 0/N/A
Consecutive failures: 0/N/A
Consecutive failures: 0/N/A
Consecutive failures: 0/N/A
Consecutive failures: 0/N/A
Consecutive failures: 0/N/A
Consecutive failures: 0/N/A
Consecutive failures: 0/N/A
Generation failed for document 444603: Incomplete or unparsable MCQ content
Consecutive failures: 0/N/A
Consecutive failures: 0/N/A
Consecutive failures: 0/N/A
Generation failed for document 1441261: Incomplete or unparsable MCQ content
Consecutive failures: 0/N/A
Generation failed for document 372791: Incomplete or unparsable MCQ content
Consecutive failures: 0/N/A
Consecutive failures: 0/N/A
Consecutive failures: 0/N/A
Consecutive failures: 0/N/A
Consecutive failures: 0/N/A
Consecutive failures: 0/N/A
Consecutive failures: 0/N/A
Consecutive failures: 0/N/A
Consecutive failures: 0/N/A
Consecutive failures: 0/N/A
Consecutive failures: 0/N/A
Consecutive failures: 0/N/A
Consecutive failures: 0/N/A
Consecutive failures: 0/N/A
Consecutive failures: 0/N/A
Consecutive failures: 0/N/A
Generation failed for document 416634: Incomplete or unparsable MCQ content
Consecutive failures: 0/N/A
Consecutive failures: 0/N/A
Consecutive failures: 0/N/A
Generation failed for document 1283545: Incomplete or unparsable MCQ content
Consecutive failures: 0/N/A
Consecutive failures: 0/N/A
Consecutive failures: 0/N/A
Consecutive failures: 0/N/A
Consecutive failures: 0/N/A
Consecutive failures: 0/N/A
Consecutive failures: 0/N/A
Consecutive failures: 0/N/A
Consecutive failures: 0/N/A
Consecutive failures: 0/N/A
Consecutive failures: 0/N/A
Consecutive failures: 0/N/A
Consecutive failures: 0/N/A
Consecutive failures: 0/N/A
Consecutive failures: 0/N/A
Consecutive failures: 0/N/A
Consecutive failures: 0/N/A
Consecutive failures: 0/N/A
Consecutive failures: 0/N/A
Consecutive failures: 0/N/A
Consecutive failures: 0/N/A
Consecutive failures: 0/N/A
Consecutive failures: 0/N/A
Consecutive failures: 0/N/A
Generation failed for document 827972: Incomplete or unparsable MCQ content
Consecutive failures: 0/N/A
Consecutive failures: 0/N/A
Consecutive failures: 0/N/A
Consecutive failures: 0/N/A
Consecutive failures: 0/N/A
Generation failed for document 149484: Incomplete or unparsable MCQ content
Consecutive failures: 0/N/A
Consecutive failures: 0/N/A
Consecutive failures: 0/N/A
Consecutive failures: 0/N/A
Consecutive failures: 0/N/A
Consecutive failures: 0/N/A
Consecutive failures: 0/N/A
Consecutive failures: 0/N/A
Consecutive failures: 0/N/A
Consecutive failures: 0/N/A
Generation failed for document 797378: Incomplete or unparsable MCQ content
Consecutive failures: 0/N/A
Consecutive failures: 0/N/A
Consecutive failures: 0/N/A
Consecutive failures: 0/N/A
Consecutive failures: 0/N/A
Consecutive failures: 0/N/A
Consecutive failures: 0/N/A
Consecutive failures: 0/N/A
Consecutive failures: 0/N/A
Consecutive failures: 0/N/A
Consecutive failures: 0/N/A
Consecutive failures: 0/N/A
Consecutive failures: 0/N/A
Consecutive failures: 0/N/A
Consecutive failures: 0/N/A
Consecutive failures: 0/N/A
Consecutive failures: 0/N/A
Consecutive failures: 0/N/A
Consecutive failures: 0/N/A
Consecutive failures: 0/N/A
Consecutive failures: 0/N/A
Consecutive failures: 0/N/A
Consecutive failures: 0/N/A
Consecutive failures: 0/N/A
Consecutive failures: 0/N/A
Generation failed for document 1084065: Incomplete or unparsable MCQ content
Consecutive failures: 0/N/A
Consecutive failures: 0/N/A
Consecutive failures: 0/N/A
Consecutive failures: 0/N/A
Consecutive failures: 0/N/A
Consecutive failures: 0/N/A
Consecutive failures: 0/N/A
Consecutive failures: 0/N/A
Consecutive failures: 0/N/A
Consecutive failures: 0/N/A
Consecutive failures: 0/N/A
Consecutive failures: 0/N/A
Consecutive failures: 0/N/A
Generation failed for document 1347024: Incomplete or unparsable MCQ content
Consecutive failures: 0/N/A
Generation failed for document 2055125: Incomplete or unparsable MCQ content
Consecutive failures: 0/N/A
Consecutive failures: 0/N/A
Consecutive failures: 0/N/A
Consecutive failures: 0/N/A
Consecutive failures: 0/N/A
Consecutive failures: 0/N/A
Consecutive failures: 0/N/A
Consecutive failures: 0/N/A
Consecutive failures: 0/N/A
Consecutive failures: 0/N/A
Consecutive failures: 0/N/A
Consecutive failures: 0/N/A
Consecutive failures: 0/N/A
Consecutive failures: 0/N/A
Consecutive failures: 0/N/A
Consecutive failures: 0/N/A
Consecutive failures: 0/N/A
Consecutive failures: 0/N/A
Consecutive failures: 0/N/A
Consecutive failures: 0/N/A
Consecutive failures: 0/N/A
Consecutive failures: 0/N/A
Consecutive failures: 0/N/A
Consecutive failures: 0/N/A
Consecutive failures: 0/N/A
Consecutive failures: 0/N/A
Consecutive failures: 0/N/A
Consecutive failures: 0/N/A
Consecutive failures: 0/N/A
Consecutive failures: 0/N/A
Consecutive failures: 0/N/A
Consecutive failures: 0/N/A
Consecutive failures: 0/N/A
Consecutive failures: 0/N/A
Consecutive failures: 0/N/A
Generation failed for document 1450989: Incomplete or unparsable MCQ content
Consecutive failures: 0/N/A
Consecutive failures: 0/N/A
Consecutive failures: 0/N/A
Consecutive failures: 0/N/A
Consecutive failures: 0/N/A
Consecutive failures: 0/N/A
Consecutive failures: 0/N/A
Consecutive failures: 0/N/A
Consecutive failures: 0/N/A
Consecutive failures: 0/N/A
Consecutive failures: 0/N/A
Consecutive failures: 0/N/A
Consecutive failures: 0/N/A
Consecutive failures: 0/N/A
Consecutive failures: 0/N/A
Consecutive failures: 0/N/A
Consecutive failures: 0/N/A
Generation failed for document 1198894: Incomplete or unparsable MCQ content
Consecutive failures: 0/N/A
Consecutive failures: 0/N/A
Consecutive failures: 0/N/A
Consecutive failures: 0/N/A
Consecutive failures: 0/N/A
Consecutive failures: 0/N/A
Consecutive failures: 0/N/A
Consecutive failures: 0/N/A
Consecutive failures: 0/N/A
Consecutive failures: 0/N/A
Consecutive failures: 0/N/A
Consecutive failures: 0/N/A
Consecutive failures: 0/N/A
Consecutive failures: 0/N/A
Consecutive failures: 0/N/A
Consecutive failures: 0/N/A
Consecutive failures: 0/N/A
Consecutive failures: 0/N/A
Consecutive failures: 0/N/A
Consecutive failures: 0/N/A
Consecutive failures: 0/N/A
Consecutive failures: 0/N/A
Consecutive failures: 0/N/A
Consecutive failures: 0/N/A
Consecutive failures: 0/N/A
Consecutive failures: 0/N/A
Consecutive failures: 0/N/A
Consecutive failures: 0/N/A
Consecutive failures: 0/N/A
Consecutive failures: 0/N/A
Consecutive failures: 0/N/A
Consecutive failures: 0/N/A
Consecutive failures: 0/N/A
Consecutive failures: 0/N/A
Consecutive failures: 0/N/A
Generation failed for document 1000873: Incomplete or unparsable MCQ content
Consecutive failures: 0/N/A
Consecutive failures: 0/N/A
Consecutive failures: 0/N/A
Generation failed for document 1210309: Incomplete or unparsable MCQ content
Consecutive failures: 0/N/A
Consecutive failures: 0/N/A
Consecutive failures: 0/N/A
Consecutive failures: 0/N/A
Consecutive failures: 0/N/A
Consecutive failures: 0/N/A
Generation failed for document 155837: Incomplete or unparsable MCQ content
Consecutive failures: 0/N/A
Consecutive failures: 0/N/A
Consecutive failures: 0/N/A
Consecutive failures: 0/N/A
Consecutive failures: 0/N/A
Consecutive failures: 0/N/A
Consecutive failures: 0/N/A
Consecutive failures: 0/N/A
Generation failed for document 1001777: Incomplete or unparsable MCQ content
Consecutive failures: 0/N/A
Consecutive failures: 0/N/A
Consecutive failures: 0/N/A
Consecutive failures: 0/N/A
Consecutive failures: 0/N/A
Consecutive failures: 0/N/A
Consecutive failures: 0/N/A
Consecutive failures: 0/N/A
Generation failed for document 780752: Incomplete or unparsable MCQ content
Consecutive failures: 0/N/A
Consecutive failures: 0/N/A
Consecutive failures: 0/N/A
Consecutive failures: 0/N/A
Consecutive failures: 0/N/A
Consecutive failures: 0/N/A
Consecutive failures: 0/N/A
Consecutive failures: 0/N/A
Consecutive failures: 0/N/A
Consecutive failures: 0/N/A
Consecutive failures: 0/N/A
Consecutive failures: 0/N/A
Consecutive failures: 0/N/A
Consecutive failures: 0/N/A
Consecutive failures: 0/N/A
Consecutive failures: 0/N/A
Consecutive failures: 0/N/A
Consecutive failures: 0/N/A
Consecutive failures: 0/N/A
Consecutive failures: 0/N/A
Consecutive failures: 0/N/A
Consecutive failures: 0/N/A
Consecutive failures: 0/N/A
Generation failed for document 612052: Incomplete or unparsable MCQ content
Consecutive failures: 0/N/A
Consecutive failures: 0/N/A
Consecutive failures: 0/N/A
Consecutive failures: 0/N/A
Consecutive failures: 0/N/A
Consecutive failures: 0/N/A
Consecutive failures: 0/N/A
Consecutive failures: 0/N/A
Consecutive failures: 0/N/A
Consecutive failures: 0/N/A
Consecutive failures: 0/N/A
Consecutive failures: 0/N/A
Consecutive failures: 0/N/A
Consecutive failures: 0/N/A
Consecutive failures: 0/N/A
Consecutive failures: 0/N/A
Consecutive failures: 0/N/A
Consecutive failures: 0/N/A
Consecutive failures: 0/N/A
Consecutive failures: 0/N/A
Consecutive failures: 0/N/A
Generation failed for document 508417: Incomplete or unparsable MCQ content
Consecutive failures: 0/N/A
Consecutive failures: 0/N/A
Consecutive failures: 0/N/A
Generation failed for document 125517: Incomplete or unparsable MCQ content
Consecutive failures: 0/N/A
Consecutive failures: 0/N/A
Consecutive failures: 0/N/A
Consecutive failures: 0/N/A
Consecutive failures: 0/N/A
Consecutive failures: 0/N/A
Generation failed for document 1878188: Incomplete or unparsable MCQ content
Consecutive failures: 0/N/A
Generation failed for document 539295: Incomplete or unparsable MCQ content
Consecutive failures: 0/N/A
Consecutive failures: 0/N/A
Consecutive failures: 0/N/A
Consecutive failures: 0/N/A
Consecutive failures: 0/N/A
Consecutive failures: 0/N/A
Generation failed for document 1330156: Incomplete or unparsable MCQ content
Consecutive failures: 0/N/A
Generation failed for document 2072782: Incomplete or unparsable MCQ content
Consecutive failures: 0/N/A
Consecutive failures: 0/N/A
Consecutive failures: 0/N/A
Consecutive failures: 0/N/A
Consecutive failures: 0/N/A
Consecutive failures: 0/N/A
Consecutive failures: 0/N/A
Consecutive failures: 0/N/A
Consecutive failures: 0/N/A
Consecutive failures: 0/N/A
Generation failed for document 2105195: Incomplete or unparsable MCQ content
Consecutive failures: 0/N/A
Consecutive failures: 0/N/A
Consecutive failures: 0/N/A
Consecutive failures: 0/N/A
Generation failed for document 347763: Incomplete or unparsable MCQ content
Consecutive failures: 0/N/A
Consecutive failures: 0/N/A
Consecutive failures: 0/N/A
Consecutive failures: 0/N/A
Consecutive failures: 0/N/A
Consecutive failures: 0/N/A
Consecutive failures: 0/N/A
Consecutive failures: 0/N/A
Generation failed for document 800541: Incomplete or unparsable MCQ content
Consecutive failures: 0/N/A
Consecutive failures: 0/N/A
Consecutive failures: 0/N/A
Consecutive failures: 0/N/A
Consecutive failures: 0/N/A
Consecutive failures: 0/N/A
Consecutive failures: 0/N/A
Consecutive failures: 0/N/A
Consecutive failures: 0/N/A
Consecutive failures: 0/N/A
Consecutive failures: 0/N/A
Consecutive failures: 0/N/A
Consecutive failures: 0/N/A
Consecutive failures: 0/N/A
Consecutive failures: 0/N/A
Consecutive failures: 0/N/A
Consecutive failures: 0/N/A
Consecutive failures: 0/N/A
Consecutive failures: 0/N/A
Consecutive failures: 0/N/A
Consecutive failures: 0/N/A
Consecutive failures: 0/N/A
Consecutive failures: 0/N/A
Consecutive failures: 0/N/A
Generation failed for document 935005: Incomplete or unparsable MCQ content
Consecutive failures: 0/N/A
Consecutive failures: 0/N/A
Generation failed for document 827821: Incomplete or unparsable MCQ content
Consecutive failures: 0/N/A
Consecutive failures: 0/N/A
Consecutive failures: 0/N/A
Consecutive failures: 0/N/A
Consecutive failures: 0/N/A
Consecutive failures: 0/N/A
Consecutive failures: 0/N/A
Consecutive failures: 0/N/A
Consecutive failures: 0/N/A
Consecutive failures: 0/N/A
Consecutive failures: 0/N/A
Consecutive failures: 0/N/A
Consecutive failures: 0/N/A
Consecutive failures: 0/N/A
Consecutive failures: 0/N/A
Consecutive failures: 0/N/A
Consecutive failures: 0/N/A
Consecutive failures: 0/N/A
Consecutive failures: 0/N/A
Consecutive failures: 0/N/A
Generation failed for document 217970: Incomplete or unparsable MCQ content
Consecutive failures: 0/N/A
Consecutive failures: 0/N/A
Consecutive failures: 0/N/A
Generation failed for document 965466: Incomplete or unparsable MCQ content
Consecutive failures: 0/N/A
Consecutive failures: 0/N/A
Consecutive failures: 0/N/A
Consecutive failures: 0/N/A
Generation failed for document 1772824: Incomplete or unparsable MCQ content
Consecutive failures: 0/N/A
Consecutive failures: 0/N/A
Generation failed for document 535137: Incomplete or unparsable MCQ content
Consecutive failures: 0/N/A
Generation failed for document 2060434: Incomplete or unparsable MCQ content
Consecutive failures: 0/N/A
Consecutive failures: 0/N/A
Consecutive failures: 0/N/A
Consecutive failures: 0/N/A
Consecutive failures: 0/N/A
Consecutive failures: 0/N/A
Consecutive failures: 0/N/A
Consecutive failures: 0/N/A
Consecutive failures: 0/N/A
Consecutive failures: 0/N/A
Consecutive failures: 0/N/A
Consecutive failures: 0/N/A
Generation failed for document 815227: Incomplete or unparsable MCQ content
Consecutive failures: 0/N/A
Consecutive failures: 0/N/A
Consecutive failures: 0/N/A
Consecutive failures: 0/N/A
Consecutive failures: 0/N/A
Consecutive failures: 0/N/A
Consecutive failures: 0/N/A
Consecutive failures: 0/N/A
Generation failed for document 447527: Incomplete or unparsable MCQ content
Consecutive failures: 0/N/A
Generation failed for document 768744: Incomplete or unparsable MCQ content
Consecutive failures: 0/N/A
Consecutive failures: 0/N/A
Consecutive failures: 0/N/A
Consecutive failures: 0/N/A
Consecutive failures: 0/N/A
Consecutive failures: 0/N/A
Consecutive failures: 0/N/A
Consecutive failures: 0/N/A
Consecutive failures: 0/N/A
Consecutive failures: 0/N/A
Generation failed for document 314321: Incomplete or unparsable MCQ content
Consecutive failures: 0/N/A
Consecutive failures: 0/N/A
Consecutive failures: 0/N/A
Consecutive failures: 0/N/A
Consecutive failures: 0/N/A
Consecutive failures: 0/N/A
Consecutive failures: 0/N/A
Consecutive failures: 0/N/A
Consecutive failures: 0/N/A
Consecutive failures: 0/N/A
Consecutive failures: 0/N/A
Generation failed for document 2051378: Incomplete or unparsable MCQ content
Consecutive failures: 0/N/A
Consecutive failures: 0/N/A
Consecutive failures: 0/N/A
Consecutive failures: 0/N/A
Consecutive failures: 0/N/A
Consecutive failures: 0/N/A
Consecutive failures: 0/N/A
Consecutive failures: 0/N/A
Consecutive failures: 0/N/A
Consecutive failures: 0/N/A
Consecutive failures: 0/N/A
Consecutive failures: 0/N/A
Consecutive failures: 0/N/A
Consecutive failures: 0/N/A
Consecutive failures: 0/N/A
Consecutive failures: 0/N/A
Consecutive failures: 0/N/A
Consecutive failures: 0/N/A
Consecutive failures: 0/N/A
Generation failed for document 1261562: Incomplete or unparsable MCQ content
Consecutive failures: 0/N/A
Consecutive failures: 0/N/A
Generation failed for document 12386: Incomplete or unparsable MCQ content
Consecutive failures: 0/N/A
Consecutive failures: 0/N/A
Consecutive failures: 0/N/A
Consecutive failures: 0/N/A
Consecutive failures: 0/N/A
Consecutive failures: 0/N/A
Consecutive failures: 0/N/A
Consecutive failures: 0/N/A
Consecutive failures: 0/N/A
Consecutive failures: 0/N/A
Generation failed for document 1936022: Incomplete or unparsable MCQ content
Consecutive failures: 0/N/A
Consecutive failures: 0/N/A
Consecutive failures: 0/N/A
Consecutive failures: 0/N/A
Consecutive failures: 0/N/A
Consecutive failures: 0/N/A
Consecutive failures: 0/N/A
Consecutive failures: 0/N/A
Consecutive failures: 0/N/A
Consecutive failures: 0/N/A
Consecutive failures: 0/N/A
Consecutive failures: 0/N/A
Consecutive failures: 0/N/A
Consecutive failures: 0/N/A
Consecutive failures: 0/N/A
Consecutive failures: 0/N/A
Consecutive failures: 0/N/A
Consecutive failures: 0/N/A
Consecutive failures: 0/N/A
Consecutive failures: 0/N/A
Generation failed for document 1541119: Incomplete or unparsable MCQ content
Consecutive failures: 0/N/A
Consecutive failures: 0/N/A
Generation failed for document 2046838: Incomplete or unparsable MCQ content
Consecutive failures: 0/N/A
Consecutive failures: 0/N/A
Consecutive failures: 0/N/A
Consecutive failures: 0/N/A
Consecutive failures: 0/N/A
Consecutive failures: 0/N/A
Consecutive failures: 0/N/A
Consecutive failures: 0/N/A
Consecutive failures: 0/N/A
Consecutive failures: 0/N/A
Consecutive failures: 0/N/A
Consecutive failures: 0/N/A
Consecutive failures: 0/N/A
Consecutive failures: 0/N/A
Consecutive failures: 0/N/A
Consecutive failures: 0/N/A
Consecutive failures: 0/N/A
Consecutive failures: 0/N/A
Consecutive failures: 0/N/A
Consecutive failures: 0/N/A
Consecutive failures: 0/N/A
Consecutive failures: 0/N/A
Consecutive failures: 0/N/A
Consecutive failures: 0/N/A
Consecutive failures: 0/N/A
Consecutive failures: 0/N/A
Consecutive failures: 0/N/A
Consecutive failures: 0/N/A
Consecutive failures: 0/N/A
Consecutive failures: 0/N/A
Consecutive failures: 0/N/A
Consecutive failures: 0/N/A
Consecutive failures: 0/N/A
Consecutive failures: 0/N/A
Generation failed for document 346420: Incomplete or unparsable MCQ content
Consecutive failures: 0/N/A
Consecutive failures: 0/N/A
Consecutive failures: 0/N/A
Consecutive failures: 0/N/A
Consecutive failures: 0/N/A
Consecutive failures: 0/N/A
Consecutive failures: 0/N/A
Consecutive failures: 0/N/A
Consecutive failures: 0/N/A
Consecutive failures: 0/N/A
Consecutive failures: 0/N/A
Consecutive failures: 0/N/A
Consecutive failures: 0/N/A
Consecutive failures: 0/N/A
Consecutive failures: 0/N/A
Consecutive failures: 0/N/A
Consecutive failures: 0/N/A
Consecutive failures: 0/N/A
Consecutive failures: 0/N/A
Consecutive failures: 0/N/A
Consecutive failures: 0/N/A
Consecutive failures: 0/N/A
Consecutive failures: 0/N/A
Consecutive failures: 0/N/A
Consecutive failures: 0/N/A
Consecutive failures: 0/N/A
Consecutive failures: 0/N/A
Consecutive failures: 0/N/A
Consecutive failures: 0/N/A
Consecutive failures: 0/N/A
Consecutive failures: 0/N/A
Consecutive failures: 0/N/A
Consecutive failures: 0/N/A
Consecutive failures: 0/N/A
Consecutive failures: 0/N/A
Consecutive failures: 0/N/A
Consecutive failures: 0/N/A
Consecutive failures: 0/N/A
Consecutive failures: 0/N/A
Consecutive failures: 0/N/A
Generation failed for document 1677606: Incomplete or unparsable MCQ content
Consecutive failures: 0/N/A
Consecutive failures: 0/N/A
Consecutive failures: 0/N/A
Consecutive failures: 0/N/A
Consecutive failures: 0/N/A
Consecutive failures: 0/N/A
Generation failed for document 645640: Incomplete or unparsable MCQ content
Consecutive failures: 0/N/A
Consecutive failures: 0/N/A
Consecutive failures: 0/N/A
Consecutive failures: 0/N/A
Consecutive failures: 0/N/A
Consecutive failures: 0/N/A
Consecutive failures: 0/N/A
Consecutive failures: 0/N/A
Consecutive failures: 0/N/A
Consecutive failures: 0/N/A
Consecutive failures: 0/N/A
Consecutive failures: 0/N/A
Consecutive failures: 0/N/A
Consecutive failures: 0/N/A
Consecutive failures: 0/N/A
Consecutive failures: 0/N/A
Consecutive failures: 0/N/A
Consecutive failures: 0/N/A
Consecutive failures: 0/N/A
Consecutive failures: 0/N/A
Consecutive failures: 0/N/A
Consecutive failures: 0/N/A
Consecutive failures: 0/N/A
Consecutive failures: 0/N/A
Consecutive failures: 0/N/A
Consecutive failures: 0/N/A
Consecutive failures: 0/N/A
Consecutive failures: 0/N/A
Consecutive failures: 0/N/A
Generation failed for document 927609: Incomplete or unparsable MCQ content
Consecutive failures: 0/N/A
Consecutive failures: 0/N/A
Consecutive failures: 0/N/A
Generation failed for document 1955462: Incomplete or unparsable MCQ content
Consecutive failures: 0/N/A
Consecutive failures: 0/N/A
Consecutive failures: 0/N/A
Consecutive failures: 0/N/A
Consecutive failures: 0/N/A
Generation failed for document 2008937: Incomplete or unparsable MCQ content
Consecutive failures: 0/N/A
Consecutive failures: 0/N/A
Consecutive failures: 0/N/A
Consecutive failures: 0/N/A
Consecutive failures: 0/N/A
Consecutive failures: 0/N/A
Consecutive failures: 0/N/A
Consecutive failures: 0/N/A
Consecutive failures: 0/N/A
Consecutive failures: 0/N/A
Consecutive failures: 0/N/A
Consecutive failures: 0/N/A
Consecutive failures: 0/N/A
Consecutive failures: 0/N/A
Consecutive failures: 0/N/A
Generation failed for document 329460: Incomplete or unparsable MCQ content
Consecutive failures: 0/N/A
Consecutive failures: 0/N/A
Consecutive failures: 0/N/A
Consecutive failures: 0/N/A
Consecutive failures: 0/N/A
Consecutive failures: 0/N/A
Consecutive failures: 0/N/A
Generation failed for document 960075: Incomplete or unparsable MCQ content
Consecutive failures: 0/N/A
Consecutive failures: 0/N/A
Generation failed for document 1905933: Incomplete or unparsable MCQ content
Consecutive failures: 0/N/A
Consecutive failures: 0/N/A
Consecutive failures: 0/N/A
Consecutive failures: 0/N/A
Consecutive failures: 0/N/A
Consecutive failures: 0/N/A
Consecutive failures: 0/N/A
Consecutive failures: 0/N/A
Consecutive failures: 0/N/A
Consecutive failures: 0/N/A
Consecutive failures: 0/N/A
Consecutive failures: 0/N/A
Consecutive failures: 0/N/A
Consecutive failures: 0/N/A
Consecutive failures: 0/N/A
Consecutive failures: 0/N/A
Consecutive failures: 0/N/A
Generation failed for document 1149749: Incomplete or unparsable MCQ content
Consecutive failures: 0/N/A
Consecutive failures: 0/N/A
Consecutive failures: 0/N/A
Consecutive failures: 0/N/A
Consecutive failures: 0/N/A
Generation failed for document 1450613: Incomplete or unparsable MCQ content
Consecutive failures: 0/N/A
Consecutive failures: 0/N/A
Consecutive failures: 0/N/A
Consecutive failures: 0/N/A
Consecutive failures: 0/N/A
Consecutive failures: 0/N/A
Consecutive failures: 0/N/A
Consecutive failures: 0/N/A
Consecutive failures: 0/N/A
Generation failed for document 446889: Incomplete or unparsable MCQ content
Consecutive failures: 0/N/A
Consecutive failures: 0/N/A
Consecutive failures: 0/N/A
Consecutive failures: 0/N/A
Consecutive failures: 0/N/A
Consecutive failures: 0/N/A
Consecutive failures: 0/N/A
Consecutive failures: 0/N/A
Consecutive failures: 0/N/A
Consecutive failures: 0/N/A
Consecutive failures: 0/N/A
Consecutive failures: 0/N/A
Consecutive failures: 0/N/A
Generation failed for document 462049: Incomplete or unparsable MCQ content
Consecutive failures: 0/N/A
Consecutive failures: 0/N/A
Consecutive failures: 0/N/A
Consecutive failures: 0/N/A
Consecutive failures: 0/N/A
Consecutive failures: 0/N/A
Consecutive failures: 0/N/A
Consecutive failures: 0/N/A
Consecutive failures: 0/N/A
Consecutive failures: 0/N/A
Consecutive failures: 0/N/A
Consecutive failures: 0/N/A
Consecutive failures: 0/N/A
Consecutive failures: 0/N/A
Generation failed for document 448876: Incomplete or unparsable MCQ content
Consecutive failures: 0/N/A
Consecutive failures: 0/N/A
Consecutive failures: 0/N/A
Consecutive failures: 0/N/A
Consecutive failures: 0/N/A
Generation failed for document 177816: Incomplete or unparsable MCQ content
Consecutive failures: 0/N/A
Consecutive failures: 0/N/A
Consecutive failures: 0/N/A
Consecutive failures: 0/N/A
Consecutive failures: 0/N/A
Consecutive failures: 0/N/A
Consecutive failures: 0/N/A
Consecutive failures: 0/N/A
Consecutive failures: 0/N/A
Consecutive failures: 0/N/A
Consecutive failures: 0/N/A
Consecutive failures: 0/N/A
Consecutive failures: 0/N/A
Consecutive failures: 0/N/A
Consecutive failures: 0/N/A
Generation failed for document 928340: Incomplete or unparsable MCQ content
Consecutive failures: 0/N/A
Generation failed for document 433060: Incomplete or unparsable MCQ content
Consecutive failures: 0/N/A
Consecutive failures: 0/N/A
Consecutive failures: 0/N/A
Consecutive failures: 0/N/A
Consecutive failures: 0/N/A
Consecutive failures: 0/N/A
Consecutive failures: 0/N/A
Consecutive failures: 0/N/A
Consecutive failures: 0/N/A
Consecutive failures: 0/N/A
Generation failed for document 72803: Incomplete or unparsable MCQ content
Consecutive failures: 0/N/A
Consecutive failures: 0/N/A
Consecutive failures: 0/N/A
Consecutive failures: 0/N/A
Consecutive failures: 0/N/A
Consecutive failures: 0/N/A
Consecutive failures: 0/N/A
Generation failed for document 1211483: Incomplete or unparsable MCQ content
Consecutive failures: 0/N/A
Consecutive failures: 0/N/A
Consecutive failures: 0/N/A
Consecutive failures: 0/N/A
Consecutive failures: 0/N/A
Consecutive failures: 0/N/A
Consecutive failures: 0/N/A
Consecutive failures: 0/N/A
Consecutive failures: 0/N/A
Consecutive failures: 0/N/A
Consecutive failures: 0/N/A
Consecutive failures: 0/N/A
Generation failed for document 1004335: Incomplete or unparsable MCQ content
Consecutive failures: 0/N/A
Consecutive failures: 0/N/A
Consecutive failures: 0/N/A
Consecutive failures: 0/N/A
Consecutive failures: 0/N/A
Consecutive failures: 0/N/A
Consecutive failures: 0/N/A
Consecutive failures: 0/N/A
Consecutive failures: 0/N/A
Consecutive failures: 0/N/A
Consecutive failures: 0/N/A
Consecutive failures: 0/N/A
Consecutive failures: 0/N/A
Consecutive failures: 0/N/A
Consecutive failures: 0/N/A
Consecutive failures: 0/N/A
Consecutive failures: 0/N/A
Consecutive failures: 0/N/A
Consecutive failures: 0/N/A
Consecutive failures: 0/N/A
Consecutive failures: 0/N/A
Consecutive failures: 0/N/A
Consecutive failures: 0/N/A
Generation failed for document 1444842: Incomplete or unparsable MCQ content
Consecutive failures: 0/N/A
Consecutive failures: 0/N/A
Generation failed for document 719617: Incomplete or unparsable MCQ content
Consecutive failures: 0/N/A
Consecutive failures: 0/N/A
Consecutive failures: 0/N/A
Consecutive failures: 0/N/A
Consecutive failures: 0/N/A
Consecutive failures: 0/N/A
Generation failed for document 404538: Incomplete or unparsable MCQ content
Consecutive failures: 0/N/A
Consecutive failures: 0/N/A
Consecutive failures: 0/N/A
Consecutive failures: 0/N/A
Consecutive failures: 0/N/A
Consecutive failures: 0/N/A
Consecutive failures: 0/N/A
Consecutive failures: 0/N/A
Consecutive failures: 0/N/A
Consecutive failures: 0/N/A
Consecutive failures: 0/N/A
Generation failed for document 599055: Incomplete or unparsable MCQ content
Consecutive failures: 0/N/A
Consecutive failures: 0/N/A
Consecutive failures: 0/N/A
Consecutive failures: 0/N/A
Consecutive failures: 0/N/A
Consecutive failures: 0/N/A
Generation failed for document 1135432: Incomplete or unparsable MCQ content
Consecutive failures: 0/N/A
Consecutive failures: 0/N/A
Consecutive failures: 0/N/A
Consecutive failures: 0/N/A
Consecutive failures: 0/N/A
Consecutive failures: 0/N/A
Consecutive failures: 0/N/A
Consecutive failures: 0/N/A
Consecutive failures: 0/N/A
Consecutive failures: 0/N/A
Generation failed for document 1002865: Incomplete or unparsable MCQ content
Consecutive failures: 0/N/A
Generation failed for document 1034945: Incomplete or unparsable MCQ content
Consecutive failures: 0/N/A
Consecutive failures: 0/N/A
Consecutive failures: 0/N/A
Consecutive failures: 0/N/A
Consecutive failures: 0/N/A
Consecutive failures: 0/N/A
Consecutive failures: 0/N/A
Consecutive failures: 0/N/A
Consecutive failures: 0/N/A
Consecutive failures: 0/N/A
Consecutive failures: 0/N/A
Consecutive failures: 0/N/A
Consecutive failures: 0/N/A
Consecutive failures: 0/N/A
Generation failed for document 1434753: Incomplete or unparsable MCQ content
Consecutive failures: 0/N/A
Consecutive failures: 0/N/A
Consecutive failures: 0/N/A
Consecutive failures: 0/N/A
Consecutive failures: 0/N/A
Consecutive failures: 0/N/A
Consecutive failures: 0/N/A
Consecutive failures: 0/N/A
Consecutive failures: 0/N/A
Consecutive failures: 0/N/A
Consecutive failures: 0/N/A
Consecutive failures: 0/N/A
Generation failed for document 933675: Incomplete or unparsable MCQ content
Consecutive failures: 0/N/A
Consecutive failures: 0/N/A
Consecutive failures: 0/N/A
Consecutive failures: 0/N/A
Consecutive failures: 0/N/A
Consecutive failures: 0/N/A
Consecutive failures: 0/N/A
Consecutive failures: 0/N/A
Consecutive failures: 0/N/A
Consecutive failures: 0/N/A
Generation failed for document 1261728: Incomplete or unparsable MCQ content
Consecutive failures: 0/N/A
Consecutive failures: 0/N/A
Consecutive failures: 0/N/A
Consecutive failures: 0/N/A
Generation failed for document 2069127: Incomplete or unparsable MCQ content
Consecutive failures: 0/N/A
Consecutive failures: 0/N/A
Consecutive failures: 0/N/A
Consecutive failures: 0/N/A
Consecutive failures: 0/N/A
Consecutive failures: 0/N/A
Consecutive failures: 0/N/A
Consecutive failures: 0/N/A
Consecutive failures: 0/N/A
Consecutive failures: 0/N/A
Consecutive failures: 0/N/A
Consecutive failures: 0/N/A
Consecutive failures: 0/N/A
Generation failed for document 967080: Incomplete or unparsable MCQ content
Consecutive failures: 0/N/A
Consecutive failures: 0/N/A
Consecutive failures: 0/N/A
Consecutive failures: 0/N/A
Consecutive failures: 0/N/A
Consecutive failures: 0/N/A
Generation failed for document 717686: Incomplete or unparsable MCQ content
Consecutive failures: 0/N/A
Consecutive failures: 0/N/A
Consecutive failures: 0/N/A
Consecutive failures: 0/N/A
Consecutive failures: 0/N/A
Generation failed for document 599263: Incomplete or unparsable MCQ content
Consecutive failures: 0/N/A
Consecutive failures: 0/N/A
Consecutive failures: 0/N/A
Consecutive failures: 0/N/A
Consecutive failures: 0/N/A
Consecutive failures: 0/N/A
Consecutive failures: 0/N/A
Consecutive failures: 0/N/A
Consecutive failures: 0/N/A
Consecutive failures: 0/N/A
Consecutive failures: 0/N/A
Consecutive failures: 0/N/A
Consecutive failures: 0/N/A
Consecutive failures: 0/N/A
Consecutive failures: 0/N/A
Consecutive failures: 0/N/A
Consecutive failures: 0/N/A
Consecutive failures: 0/N/A
Consecutive failures: 0/N/A
Consecutive failures: 0/N/A
Consecutive failures: 0/N/A
Consecutive failures: 0/N/A
Consecutive failures: 0/N/A
Consecutive failures: 0/N/A
Consecutive failures: 0/N/A
Consecutive failures: 0/N/A
Consecutive failures: 0/N/A
Consecutive failures: 0/N/A
Consecutive failures: 0/N/A
Consecutive failures: 0/N/A
Consecutive failures: 0/N/A
Consecutive failures: 0/N/A
Generation failed for document 750929: Incomplete or unparsable MCQ content
Consecutive failures: 0/N/A
Consecutive failures: 0/N/A
Consecutive failures: 0/N/A
Consecutive failures: 0/N/A
Consecutive failures: 0/N/A
Generation failed for document 285569: Incomplete or unparsable MCQ content
Consecutive failures: 0/N/A
Consecutive failures: 0/N/A
Generation failed for document 1112065: Incomplete or unparsable MCQ content
Consecutive failures: 0/N/A
Consecutive failures: 0/N/A
Consecutive failures: 0/N/A
Consecutive failures: 0/N/A
Consecutive failures: 0/N/A
Consecutive failures: 0/N/A
Consecutive failures: 0/N/A
Consecutive failures: 0/N/A
Consecutive failures: 0/N/A
Consecutive failures: 0/N/A
Consecutive failures: 0/N/A
Consecutive failures: 0/N/A
Generation failed for document 965048: Incomplete or unparsable MCQ content
Consecutive failures: 0/N/A
Consecutive failures: 0/N/A
Consecutive failures: 0/N/A
Generation failed for document 1938835: Incomplete or unparsable MCQ content
Consecutive failures: 0/N/A
Consecutive failures: 0/N/A
Consecutive failures: 0/N/A
Consecutive failures: 0/N/A
Consecutive failures: 0/N/A
Consecutive failures: 0/N/A
Consecutive failures: 0/N/A
Consecutive failures: 0/N/A
Consecutive failures: 0/N/A
Consecutive failures: 0/N/A
Consecutive failures: 0/N/A
Consecutive failures: 0/N/A
Consecutive failures: 0/N/A
Generation failed for document 693777: Incomplete or unparsable MCQ content
Consecutive failures: 0/N/A
Consecutive failures: 0/N/A
Consecutive failures: 0/N/A
Consecutive failures: 0/N/A
Consecutive failures: 0/N/A
Consecutive failures: 0/N/A
Consecutive failures: 0/N/A
Consecutive failures: 0/N/A
Consecutive failures: 0/N/A
Consecutive failures: 0/N/A
Consecutive failures: 0/N/A
Consecutive failures: 0/N/A
Consecutive failures: 0/N/A
Consecutive failures: 0/N/A
Consecutive failures: 0/N/A
Consecutive failures: 0/N/A
Consecutive failures: 0/N/A
Consecutive failures: 0/N/A
Consecutive failures: 0/N/A
Consecutive failures: 0/N/A
Generation failed for document 1297753: Incomplete or unparsable MCQ content
Consecutive failures: 0/N/A
Consecutive failures: 0/N/A
Consecutive failures: 0/N/A
Generation failed for document 1716385: Incomplete or unparsable MCQ content
Consecutive failures: 0/N/A
Consecutive failures: 0/N/A
Consecutive failures: 0/N/A
Consecutive failures: 0/N/A
Consecutive failures: 0/N/A
Consecutive failures: 0/N/A
Generation failed for document 120297: Incomplete or unparsable MCQ content
Consecutive failures: 0/N/A
Consecutive failures: 0/N/A
Consecutive failures: 0/N/A
Consecutive failures: 0/N/A
Consecutive failures: 0/N/A
Consecutive failures: 0/N/A
Consecutive failures: 0/N/A
Consecutive failures: 0/N/A
Consecutive failures: 0/N/A
Consecutive failures: 0/N/A
Consecutive failures: 0/N/A
Consecutive failures: 0/N/A
Generation failed for document 1684173: Incomplete or unparsable MCQ content
Consecutive failures: 0/N/A
Consecutive failures: 0/N/A
Consecutive failures: 0/N/A
Consecutive failures: 0/N/A
Consecutive failures: 0/N/A
Consecutive failures: 0/N/A
Consecutive failures: 0/N/A
Consecutive failures: 0/N/A
Consecutive failures: 0/N/A
Consecutive failures: 0/N/A
Consecutive failures: 0/N/A
Consecutive failures: 0/N/A
Generation failed for document 1403646: Incomplete or unparsable MCQ content
Consecutive failures: 0/N/A
Consecutive failures: 0/N/A
Consecutive failures: 0/N/A
Consecutive failures: 0/N/A
Consecutive failures: 0/N/A
Consecutive failures: 0/N/A
Consecutive failures: 0/N/A
Consecutive failures: 0/N/A
Consecutive failures: 0/N/A
Consecutive failures: 0/N/A
Consecutive failures: 0/N/A
Consecutive failures: 0/N/A
Consecutive failures: 0/N/A
Consecutive failures: 0/N/A
Consecutive failures: 0/N/A
Consecutive failures: 0/N/A
Generation failed for document 1441110: Incomplete or unparsable MCQ content
Consecutive failures: 0/N/A
Consecutive failures: 0/N/A
Consecutive failures: 0/N/A
Consecutive failures: 0/N/A
Generation failed for document 1032957: Incomplete or unparsable MCQ content
Consecutive failures: 0/N/A
Generation failed for document 1125214: Incomplete or unparsable MCQ content
Consecutive failures: 0/N/A
Consecutive failures: 0/N/A
Consecutive failures: 0/N/A
Consecutive failures: 0/N/A
Consecutive failures: 0/N/A
Consecutive failures: 0/N/A
Consecutive failures: 0/N/A
Consecutive failures: 0/N/A
Consecutive failures: 0/N/A
Consecutive failures: 0/N/A
Consecutive failures: 0/N/A
Generation failed for document 1210337: Incomplete or unparsable MCQ content
Consecutive failures: 0/N/A
Generation failed for document 1327156: Incomplete or unparsable MCQ content
Consecutive failures: 0/N/A
Consecutive failures: 0/N/A
Consecutive failures: 0/N/A
Consecutive failures: 0/N/A
Consecutive failures: 0/N/A
Consecutive failures: 0/N/A
Consecutive failures: 0/N/A
Consecutive failures: 0/N/A
Consecutive failures: 0/N/A
Generation failed for document 1912423: Incomplete or unparsable MCQ content
Consecutive failures: 0/N/A
Consecutive failures: 0/N/A
Consecutive failures: 0/N/A
Consecutive failures: 0/N/A
Generation failed for document 1956720: Incomplete or unparsable MCQ content
Consecutive failures: 0/N/A
Consecutive failures: 0/N/A
Consecutive failures: 0/N/A
Consecutive failures: 0/N/A
Consecutive failures: 0/N/A
Consecutive failures: 0/N/A
Consecutive failures: 0/N/A
Consecutive failures: 0/N/A
Consecutive failures: 0/N/A
Consecutive failures: 0/N/A
Consecutive failures: 0/N/A
Consecutive failures: 0/N/A
Consecutive failures: 0/N/A
Consecutive failures: 0/N/A
Consecutive failures: 0/N/A
Consecutive failures: 0/N/A
Consecutive failures: 0/N/A
Generation failed for document 1450951: Incomplete or unparsable MCQ content
Consecutive failures: 0/N/A
Generation failed for document 141773: Incomplete or unparsable MCQ content
Consecutive failures: 0/N/A
Generation failed for document 307035: Incomplete or unparsable MCQ content
Consecutive failures: 0/N/A
Consecutive failures: 0/N/A
Consecutive failures: 0/N/A
Consecutive failures: 0/N/A
Generation failed for document 189838: Incomplete or unparsable MCQ content
Consecutive failures: 0/N/A
Consecutive failures: 0/N/A
Consecutive failures: 0/N/A
Generation failed for document 719017: Incomplete or unparsable MCQ content
Consecutive failures: 0/N/A
Consecutive failures: 0/N/A
Consecutive failures: 0/N/A
Consecutive failures: 0/N/A
Generation failed for document 1970179: Incomplete or unparsable MCQ content
Consecutive failures: 0/N/A
Consecutive failures: 0/N/A
Consecutive failures: 0/N/A
Consecutive failures: 0/N/A
Consecutive failures: 0/N/A
Consecutive failures: 0/N/A
Consecutive failures: 0/N/A
Consecutive failures: 0/N/A
Consecutive failures: 0/N/A
Consecutive failures: 0/N/A
Consecutive failures: 0/N/A
Consecutive failures: 0/N/A
Consecutive failures: 0/N/A
Consecutive failures: 0/N/A
Consecutive failures: 0/N/A
Consecutive failures: 0/N/A
Generation failed for document 2046373: Incomplete or unparsable MCQ content
Consecutive failures: 0/N/A
Consecutive failures: 0/N/A
Consecutive failures: 0/N/A
Consecutive failures: 0/N/A
Consecutive failures: 0/N/A
Consecutive failures: 0/N/A
Consecutive failures: 0/N/A
Consecutive failures: 0/N/A
Consecutive failures: 0/N/A
Consecutive failures: 0/N/A
Consecutive failures: 0/N/A
Consecutive failures: 0/N/A
Consecutive failures: 0/N/A
Consecutive failures: 0/N/A
Consecutive failures: 0/N/A
Consecutive failures: 0/N/A
Consecutive failures: 0/N/A
Consecutive failures: 0/N/A
Consecutive failures: 0/N/A
Consecutive failures: 0/N/A
Consecutive failures: 0/N/A
Consecutive failures: 0/N/A
Consecutive failures: 0/N/A
Consecutive failures: 0/N/A
Consecutive failures: 0/N/A
Consecutive failures: 0/N/A
Consecutive failures: 0/N/A
Consecutive failures: 0/N/A
Generation failed for document 1450094: Incomplete or unparsable MCQ content
Consecutive failures: 0/N/A
Consecutive failures: 0/N/A
Consecutive failures: 0/N/A
Consecutive failures: 0/N/A
Consecutive failures: 0/N/A
Consecutive failures: 0/N/A
Consecutive failures: 0/N/A
Consecutive failures: 0/N/A
Consecutive failures: 0/N/A
Consecutive failures: 0/N/A
Consecutive failures: 0/N/A
Consecutive failures: 0/N/A
Consecutive failures: 0/N/A
Consecutive failures: 0/N/A
Consecutive failures: 0/N/A
Consecutive failures: 0/N/A
Consecutive failures: 0/N/A
Generation failed for document 1497154: Incomplete or unparsable MCQ content
Consecutive failures: 0/N/A
Consecutive failures: 0/N/A
Consecutive failures: 0/N/A
Consecutive failures: 0/N/A
Consecutive failures: 0/N/A
Consecutive failures: 0/N/A
Consecutive failures: 0/N/A
Consecutive failures: 0/N/A
Consecutive failures: 0/N/A
Consecutive failures: 0/N/A
Consecutive failures: 0/N/A
Consecutive failures: 0/N/A
Consecutive failures: 0/N/A
Consecutive failures: 0/N/A
Consecutive failures: 0/N/A
Consecutive failures: 0/N/A
Consecutive failures: 0/N/A
Consecutive failures: 0/N/A
Consecutive failures: 0/N/A
Consecutive failures: 0/N/A
Consecutive failures: 0/N/A
Consecutive failures: 0/N/A
Consecutive failures: 0/N/A
Consecutive failures: 0/N/A
Generation failed for document 1489931: Incomplete or unparsable MCQ content
Consecutive failures: 0/N/A
Consecutive failures: 0/N/A
Generation failed for document 747193: Incomplete or unparsable MCQ content
Consecutive failures: 0/N/A
Consecutive failures: 0/N/A
Consecutive failures: 0/N/A
Consecutive failures: 0/N/A
Consecutive failures: 0/N/A
Consecutive failures: 0/N/A
Consecutive failures: 0/N/A
Consecutive failures: 0/N/A
Consecutive failures: 0/N/A
Consecutive failures: 0/N/A
Consecutive failures: 0/N/A
Consecutive failures: 0/N/A
Consecutive failures: 0/N/A
Consecutive failures: 0/N/A
Consecutive failures: 0/N/A
Consecutive failures: 0/N/A
Consecutive failures: 0/N/A
Consecutive failures: 0/N/A
Consecutive failures: 0/N/A
Consecutive failures: 0/N/A
Consecutive failures: 0/N/A
Consecutive failures: 0/N/A
Generation failed for document 2086928: Incomplete or unparsable MCQ content
Consecutive failures: 0/N/A
Consecutive failures: 0/N/A
Consecutive failures: 0/N/A
Consecutive failures: 0/N/A
Consecutive failures: 0/N/A
Consecutive failures: 0/N/A
Consecutive failures: 0/N/A
Generation failed for document 1897586: Incomplete or unparsable MCQ content
Consecutive failures: 0/N/A
Consecutive failures: 0/N/A
Consecutive failures: 0/N/A
Consecutive failures: 0/N/A
Consecutive failures: 0/N/A
Consecutive failures: 0/N/A
Consecutive failures: 0/N/A
Consecutive failures: 0/N/A
Consecutive failures: 0/N/A
Consecutive failures: 0/N/A
Consecutive failures: 0/N/A
Consecutive failures: 0/N/A
Consecutive failures: 0/N/A
Consecutive failures: 0/N/A
Consecutive failures: 0/N/A
Consecutive failures: 0/N/A
Consecutive failures: 0/N/A
Consecutive failures: 0/N/A
Consecutive failures: 0/N/A
Consecutive failures: 0/N/A
Consecutive failures: 0/N/A
Consecutive failures: 0/N/A
Consecutive failures: 0/N/A
Consecutive failures: 0/N/A
Consecutive failures: 0/N/A
Consecutive failures: 0/N/A
Consecutive failures: 0/N/A
Consecutive failures: 0/N/A
Consecutive failures: 0/N/A
Consecutive failures: 0/N/A
Consecutive failures: 0/N/A
Consecutive failures: 0/N/A
Consecutive failures: 0/N/A
Consecutive failures: 0/N/A
Consecutive failures: 0/N/A
Consecutive failures: 0/N/A
Consecutive failures: 0/N/A
Consecutive failures: 0/N/A
Consecutive failures: 0/N/A
Consecutive failures: 0/N/A
Consecutive failures: 0/N/A
Consecutive failures: 0/N/A
Consecutive failures: 0/N/A
Consecutive failures: 0/N/A
Consecutive failures: 0/N/A
Consecutive failures: 0/N/A
Generation failed for document 1198960: Incomplete or unparsable MCQ content
Consecutive failures: 0/N/A
Consecutive failures: 0/N/A
Consecutive failures: 0/N/A
Consecutive failures: 0/N/A
Generation failed for document 1150591: Incomplete or unparsable MCQ content
Consecutive failures: 0/N/A
Consecutive failures: 0/N/A
Consecutive failures: 0/N/A
Consecutive failures: 0/N/A
Consecutive failures: 0/N/A
Generation failed for document 1299569: Incomplete or unparsable MCQ content
Consecutive failures: 0/N/A
Consecutive failures: 0/N/A
Consecutive failures: 0/N/A
Consecutive failures: 0/N/A
Consecutive failures: 0/N/A
Consecutive failures: 0/N/A
Consecutive failures: 0/N/A
Consecutive failures: 0/N/A
Consecutive failures: 0/N/A
Consecutive failures: 0/N/A
Consecutive failures: 0/N/A
Consecutive failures: 0/N/A
Consecutive failures: 0/N/A
Consecutive failures: 0/N/A
Consecutive failures: 0/N/A
Consecutive failures: 0/N/A
Consecutive failures: 0/N/A
Consecutive failures: 0/N/A
Consecutive failures: 0/N/A
Consecutive failures: 0/N/A
Consecutive failures: 0/N/A
Consecutive failures: 0/N/A
Consecutive failures: 0/N/A
Consecutive failures: 0/N/A
Consecutive failures: 0/N/A
Generation failed for document 721358: Incomplete or unparsable MCQ content
Consecutive failures: 0/N/A
Consecutive failures: 0/N/A
Consecutive failures: 0/N/A
Consecutive failures: 0/N/A
Consecutive failures: 0/N/A
Consecutive failures: 0/N/A
Consecutive failures: 0/N/A
Consecutive failures: 0/N/A
Consecutive failures: 0/N/A
Consecutive failures: 0/N/A
Consecutive failures: 0/N/A
Consecutive failures: 0/N/A
Consecutive failures: 0/N/A
Consecutive failures: 0/N/A
Consecutive failures: 0/N/A
Consecutive failures: 0/N/A
Consecutive failures: 0/N/A
Consecutive failures: 0/N/A
Consecutive failures: 0/N/A
Consecutive failures: 0/N/A
Consecutive failures: 0/N/A
Consecutive failures: 0/N/A
Consecutive failures: 0/N/A
Consecutive failures: 0/N/A
Consecutive failures: 0/N/A
Consecutive failures: 0/N/A
Consecutive failures: 0/N/A
Consecutive failures: 0/N/A
Consecutive failures: 0/N/A
Consecutive failures: 0/N/A
Consecutive failures: 0/N/A
Consecutive failures: 0/N/A
Consecutive failures: 0/N/A
Consecutive failures: 0/N/A
Consecutive failures: 0/N/A
Generation failed for document 1149734: Incomplete or unparsable MCQ content
Consecutive failures: 0/N/A
Consecutive failures: 0/N/A
Consecutive failures: 0/N/A
Consecutive failures: 0/N/A
Consecutive failures: 0/N/A
Consecutive failures: 0/N/A
Consecutive failures: 0/N/A
Consecutive failures: 0/N/A
Consecutive failures: 0/N/A
Consecutive failures: 0/N/A
Consecutive failures: 0/N/A
Consecutive failures: 0/N/A
Consecutive failures: 0/N/A
Consecutive failures: 0/N/A
Consecutive failures: 0/N/A
Consecutive failures: 0/N/A
Consecutive failures: 0/N/A
Consecutive failures: 0/N/A
Consecutive failures: 0/N/A
Consecutive failures: 0/N/A
Consecutive failures: 0/N/A
Consecutive failures: 0/N/A
Consecutive failures: 0/N/A
Consecutive failures: 0/N/A
Consecutive failures: 0/N/A
Consecutive failures: 0/N/A
Consecutive failures: 0/N/A
Consecutive failures: 0/N/A
Consecutive failures: 0/N/A
Consecutive failures: 0/N/A
Consecutive failures: 0/N/A
Consecutive failures: 0/N/A
Consecutive failures: 0/N/A
Consecutive failures: 0/N/A
Consecutive failures: 0/N/A
Consecutive failures: 0/N/A
Consecutive failures: 0/N/A
Consecutive failures: 0/N/A
Generation failed for document 1968452: Incomplete or unparsable MCQ content
Consecutive failures: 0/N/A
Consecutive failures: 0/N/A
Consecutive failures: 0/N/A
Consecutive failures: 0/N/A
Consecutive failures: 0/N/A
Consecutive failures: 0/N/A
Consecutive failures: 0/N/A
Consecutive failures: 0/N/A
Consecutive failures: 0/N/A
Consecutive failures: 0/N/A
Consecutive failures: 0/N/A
Generation failed for document 1671263: Incomplete or unparsable MCQ content
Consecutive failures: 0/N/A
Consecutive failures: 0/N/A
Consecutive failures: 0/N/A
Consecutive failures: 0/N/A
Consecutive failures: 0/N/A
Consecutive failures: 0/N/A
Consecutive failures: 0/N/A
Consecutive failures: 0/N/A
Consecutive failures: 0/N/A
Consecutive failures: 0/N/A
Consecutive failures: 0/N/A
Consecutive failures: 0/N/A
Consecutive failures: 0/N/A
Consecutive failures: 0/N/A
Consecutive failures: 0/N/A
Generation failed for document 2072505: Incomplete or unparsable MCQ content
Consecutive failures: 0/N/A
Consecutive failures: 0/N/A
Consecutive failures: 0/N/A
Consecutive failures: 0/N/A
Consecutive failures: 0/N/A
Consecutive failures: 0/N/A
Consecutive failures: 0/N/A
Consecutive failures: 0/N/A
Consecutive failures: 0/N/A
Consecutive failures: 0/N/A
Consecutive failures: 0/N/A
Consecutive failures: 0/N/A
Consecutive failures: 0/N/A
Consecutive failures: 0/N/A
Generation failed for document 1874586: Incomplete or unparsable MCQ content
Consecutive failures: 0/N/A
Consecutive failures: 0/N/A
Generation failed for document 698491: Incomplete or unparsable MCQ content
Consecutive failures: 0/N/A
Consecutive failures: 0/N/A
Consecutive failures: 0/N/A
Consecutive failures: 0/N/A
Consecutive failures: 0/N/A
Consecutive failures: 0/N/A
Consecutive failures: 0/N/A
Consecutive failures: 0/N/A
Consecutive failures: 0/N/A
Consecutive failures: 0/N/A
Consecutive failures: 0/N/A
Generation failed for document 2065034: Incomplete or unparsable MCQ content
Consecutive failures: 0/N/A
Consecutive failures: 0/N/A
Consecutive failures: 0/N/A
Consecutive failures: 0/N/A
Consecutive failures: 0/N/A
Consecutive failures: 0/N/A
Generation failed for document 778303: Incomplete or unparsable MCQ content
Consecutive failures: 0/N/A
Consecutive failures: 0/N/A
Consecutive failures: 0/N/A
Consecutive failures: 0/N/A
Consecutive failures: 0/N/A
Consecutive failures: 0/N/A
Consecutive failures: 0/N/A
Consecutive failures: 0/N/A
Consecutive failures: 0/N/A
Consecutive failures: 0/N/A
Consecutive failures: 0/N/A
Consecutive failures: 0/N/A
Consecutive failures: 0/N/A
Consecutive failures: 0/N/A
Consecutive failures: 0/N/A
Consecutive failures: 0/N/A
Consecutive failures: 0/N/A
Consecutive failures: 0/N/A
Consecutive failures: 0/N/A
Consecutive failures: 0/N/A
Consecutive failures: 0/N/A
Consecutive failures: 0/N/A
Consecutive failures: 0/N/A
Consecutive failures: 0/N/A
Generation failed for document 1781084: Incomplete or unparsable MCQ content
Consecutive failures: 0/N/A
Consecutive failures: 0/N/A
Consecutive failures: 0/N/A
Consecutive failures: 0/N/A
Consecutive failures: 0/N/A
Consecutive failures: 0/N/A
Consecutive failures: 0/N/A
Consecutive failures: 0/N/A
Consecutive failures: 0/N/A
Generation failed for document 1826757: Incomplete or unparsable MCQ content
Consecutive failures: 0/N/A
Consecutive failures: 0/N/A
Consecutive failures: 0/N/A
Consecutive failures: 0/N/A
Consecutive failures: 0/N/A
Consecutive failures: 0/N/A
Consecutive failures: 0/N/A
Consecutive failures: 0/N/A
Consecutive failures: 0/N/A
Consecutive failures: 0/N/A
Consecutive failures: 0/N/A
Consecutive failures: 0/N/A
Consecutive failures: 0/N/A
Consecutive failures: 0/N/A
Consecutive failures: 0/N/A
Consecutive failures: 0/N/A
Consecutive failures: 0/N/A
Consecutive failures: 0/N/A
Consecutive failures: 0/N/A
Consecutive failures: 0/N/A
Consecutive failures: 0/N/A
Consecutive failures: 0/N/A
Consecutive failures: 0/N/A
Consecutive failures: 0/N/A
Consecutive failures: 0/N/A
Generation failed for document 174377: Incomplete or unparsable MCQ content
Consecutive failures: 0/N/A
Consecutive failures: 0/N/A
Consecutive failures: 0/N/A
Consecutive failures: 0/N/A
Consecutive failures: 0/N/A
Consecutive failures: 0/N/A
Generation failed for document 199959: Incomplete or unparsable MCQ content
Consecutive failures: 0/N/A
Consecutive failures: 0/N/A
Consecutive failures: 0/N/A
Consecutive failures: 0/N/A
Consecutive failures: 0/N/A
Consecutive failures: 0/N/A
Generation failed for document 384652: Incomplete or unparsable MCQ content
Consecutive failures: 0/N/A
Consecutive failures: 0/N/A
Consecutive failures: 0/N/A
Generation failed for document 1186658: Incomplete or unparsable MCQ content
Consecutive failures: 0/N/A
Consecutive failures: 0/N/A
Consecutive failures: 0/N/A
Consecutive failures: 0/N/A
Consecutive failures: 0/N/A
Generation failed for document 1600531: Incomplete or unparsable MCQ content
Consecutive failures: 0/N/A
Consecutive failures: 0/N/A
Generation failed for document 2020584: Incomplete or unparsable MCQ content
Consecutive failures: 0/N/A
Consecutive failures: 0/N/A
Consecutive failures: 0/N/A
Consecutive failures: 0/N/A
Consecutive failures: 0/N/A
Consecutive failures: 0/N/A
Consecutive failures: 0/N/A
Generation failed for document 724234: Incomplete or unparsable MCQ content
Consecutive failures: 0/N/A
Consecutive failures: 0/N/A
Consecutive failures: 0/N/A
Consecutive failures: 0/N/A
Consecutive failures: 0/N/A
Consecutive failures: 0/N/A
Consecutive failures: 0/N/A
Consecutive failures: 0/N/A
Consecutive failures: 0/N/A
Consecutive failures: 0/N/A
Consecutive failures: 0/N/A
Consecutive failures: 0/N/A
Consecutive failures: 0/N/A
Consecutive failures: 0/N/A
Consecutive failures: 0/N/A
Consecutive failures: 0/N/A
Consecutive failures: 0/N/A
Consecutive failures: 0/N/A
Generation failed for document 251036: Incomplete or unparsable MCQ content
Consecutive failures: 0/N/A
Consecutive failures: 0/N/A
Consecutive failures: 0/N/A
Consecutive failures: 0/N/A
Consecutive failures: 0/N/A
Consecutive failures: 0/N/A
Generation failed for document 1476965: Incomplete or unparsable MCQ content
Consecutive failures: 0/N/A
Consecutive failures: 0/N/A
Consecutive failures: 0/N/A
Consecutive failures: 0/N/A
Consecutive failures: 0/N/A
Consecutive failures: 0/N/A
Generation failed for document 131117: Incomplete or unparsable MCQ content
Consecutive failures: 0/N/A
Consecutive failures: 0/N/A
Consecutive failures: 0/N/A
Consecutive failures: 0/N/A
Consecutive failures: 0/N/A
Consecutive failures: 0/N/A
Consecutive failures: 0/N/A
Generation failed for document 1349402: Incomplete or unparsable MCQ content
Consecutive failures: 0/N/A
Consecutive failures: 0/N/A
Generation failed for document 1935229: Incomplete or unparsable MCQ content
Consecutive failures: 0/N/A
Generation failed for document 2000413: Incomplete or unparsable MCQ content
Consecutive failures: 0/N/A
Generation failed for document 310934: Incomplete or unparsable MCQ content
Consecutive failures: 0/N/A
Consecutive failures: 0/N/A
Consecutive failures: 0/N/A
Consecutive failures: 0/N/A
Consecutive failures: 0/N/A
Generation failed for document 1437748: Incomplete or unparsable MCQ content
Consecutive failures: 0/N/A
Consecutive failures: 0/N/A
Consecutive failures: 0/N/A
Consecutive failures: 0/N/A
Consecutive failures: 0/N/A
Consecutive failures: 0/N/A
Consecutive failures: 0/N/A
Consecutive failures: 0/N/A
Consecutive failures: 0/N/A
Generation failed for document 1836177: Incomplete or unparsable MCQ content
Consecutive failures: 0/N/A
Consecutive failures: 0/N/A
Consecutive failures: 0/N/A
Consecutive failures: 0/N/A
Consecutive failures: 0/N/A
Generation failed for document 628476: Incomplete or unparsable MCQ content
Consecutive failures: 0/N/A
Consecutive failures: 0/N/A
Consecutive failures: 0/N/A
Consecutive failures: 0/N/A
Consecutive failures: 0/N/A
Consecutive failures: 0/N/A
Consecutive failures: 0/N/A
Consecutive failures: 0/N/A
Consecutive failures: 0/N/A
Consecutive failures: 0/N/A
Consecutive failures: 0/N/A
Consecutive failures: 0/N/A
Consecutive failures: 0/N/A
Consecutive failures: 0/N/A
Consecutive failures: 0/N/A
Generation failed for document 201071: Incomplete or unparsable MCQ content
Consecutive failures: 0/N/A
Consecutive failures: 0/N/A
Consecutive failures: 0/N/A
Consecutive failures: 0/N/A
Consecutive failures: 0/N/A
Generation failed for document 202415: Incomplete or unparsable MCQ content
Consecutive failures: 0/N/A
Consecutive failures: 0/N/A
Consecutive failures: 0/N/A
Consecutive failures: 0/N/A
Consecutive failures: 0/N/A
Consecutive failures: 0/N/A
Consecutive failures: 0/N/A
Consecutive failures: 0/N/A
Consecutive failures: 0/N/A
Consecutive failures: 0/N/A
Consecutive failures: 0/N/A
Consecutive failures: 0/N/A
Consecutive failures: 0/N/A
Generation failed for document 2077209: Incomplete or unparsable MCQ content
Consecutive failures: 0/N/A
Consecutive failures: 0/N/A
Consecutive failures: 0/N/A
Consecutive failures: 0/N/A
Generation failed for document 1463488: Incomplete or unparsable MCQ content
Consecutive failures: 0/N/A
Generation failed for document 1950616: Incomplete or unparsable MCQ content
Consecutive failures: 0/N/A
Consecutive failures: 0/N/A
Consecutive failures: 0/N/A
Consecutive failures: 0/N/A
Consecutive failures: 0/N/A
Consecutive failures: 0/N/A
Consecutive failures: 0/N/A
Consecutive failures: 0/N/A
Consecutive failures: 0/N/A
Consecutive failures: 0/N/A
Consecutive failures: 0/N/A
Generation failed for document 887843: Incomplete or unparsable MCQ content
Consecutive failures: 0/N/A
Consecutive failures: 0/N/A
Consecutive failures: 0/N/A
Consecutive failures: 0/N/A
Generation failed for document 1239429: Incomplete or unparsable MCQ content
Consecutive failures: 0/N/A
Consecutive failures: 0/N/A
Consecutive failures: 0/N/A
Consecutive failures: 0/N/A
Consecutive failures: 0/N/A
Consecutive failures: 0/N/A
Generation failed for document 1327099: Incomplete or unparsable MCQ content
Consecutive failures: 0/N/A
Generation failed for document 149500: Incomplete or unparsable MCQ content
Consecutive failures: 0/N/A
Generation failed for document 1345395: Incomplete or unparsable MCQ content
Consecutive failures: 0/N/A
Consecutive failures: 0/N/A
Consecutive failures: 0/N/A
Consecutive failures: 0/N/A
Consecutive failures: 0/N/A
Consecutive failures: 0/N/A
Consecutive failures: 0/N/A
Consecutive failures: 0/N/A
Consecutive failures: 0/N/A
Consecutive failures: 0/N/A
Consecutive failures: 0/N/A
Consecutive failures: 0/N/A
Consecutive failures: 0/N/A
Consecutive failures: 0/N/A
Consecutive failures: 0/N/A
Consecutive failures: 0/N/A
Consecutive failures: 0/N/A
Consecutive failures: 0/N/A
Consecutive failures: 0/N/A
Consecutive failures: 0/N/A
Consecutive failures: 0/N/A
Consecutive failures: 0/N/A
Consecutive failures: 0/N/A
Consecutive failures: 0/N/A
Consecutive failures: 0/N/A
Consecutive failures: 0/N/A
Consecutive failures: 0/N/A
Consecutive failures: 0/N/A
Consecutive failures: 0/N/A
Consecutive failures: 0/N/A
Consecutive failures: 0/N/A
Consecutive failures: 0/N/A
Consecutive failures: 0/N/A
Consecutive failures: 0/N/A
Consecutive failures: 0/N/A
Generation failed for document 599624: Incomplete or unparsable MCQ content
Consecutive failures: 0/N/A
Consecutive failures: 0/N/A
Consecutive failures: 0/N/A
Consecutive failures: 0/N/A
Consecutive failures: 0/N/A
Consecutive failures: 0/N/A
Consecutive failures: 0/N/A
Consecutive failures: 0/N/A
Consecutive failures: 0/N/A
Consecutive failures: 0/N/A
Consecutive failures: 0/N/A
Consecutive failures: 0/N/A
Consecutive failures: 0/N/A
Consecutive failures: 0/N/A
Consecutive failures: 0/N/A
Consecutive failures: 0/N/A
Consecutive failures: 0/N/A
Consecutive failures: 0/N/A
Generation failed for document 1430404: Incomplete or unparsable MCQ content
Consecutive failures: 0/N/A
Consecutive failures: 0/N/A
Consecutive failures: 0/N/A
Generation failed for document 1763376: Incomplete or unparsable MCQ content
Consecutive failures: 0/N/A
Generation failed for document 1195516: Incomplete or unparsable MCQ content
Consecutive failures: 0/N/A
Consecutive failures: 0/N/A
Consecutive failures: 0/N/A
Consecutive failures: 0/N/A
Consecutive failures: 0/N/A
Consecutive failures: 0/N/A
Consecutive failures: 0/N/A
Consecutive failures: 0/N/A
Consecutive failures: 0/N/A
Consecutive failures: 0/N/A
Consecutive failures: 0/N/A
Generation failed for document 253504: Incomplete or unparsable MCQ content
Consecutive failures: 0/N/A
Consecutive failures: 0/N/A
Consecutive failures: 0/N/A
Consecutive failures: 0/N/A
Consecutive failures: 0/N/A
Consecutive failures: 0/N/A
Consecutive failures: 0/N/A
Consecutive failures: 0/N/A
Generation failed for document 852821: Incomplete or unparsable MCQ content
Consecutive failures: 0/N/A
Consecutive failures: 0/N/A
Consecutive failures: 0/N/A
Consecutive failures: 0/N/A
Consecutive failures: 0/N/A
Consecutive failures: 0/N/A
Generation failed for document 1568350: Incomplete or unparsable MCQ content
Consecutive failures: 0/N/A
Consecutive failures: 0/N/A
Consecutive failures: 0/N/A
Consecutive failures: 0/N/A
Generation failed for document 1901370: Incomplete or unparsable MCQ content
Consecutive failures: 0/N/A
Consecutive failures: 0/N/A
Consecutive failures: 0/N/A
Consecutive failures: 0/N/A
Consecutive failures: 0/N/A
Consecutive failures: 0/N/A
Consecutive failures: 0/N/A
Consecutive failures: 0/N/A
Consecutive failures: 0/N/A
Consecutive failures: 0/N/A
Consecutive failures: 0/N/A
Consecutive failures: 0/N/A
Consecutive failures: 0/N/A
Consecutive failures: 0/N/A
Consecutive failures: 0/N/A
Consecutive failures: 0/N/A
Consecutive failures: 0/N/A
Consecutive failures: 0/N/A
Consecutive failures: 0/N/A
Consecutive failures: 0/N/A
Consecutive failures: 0/N/A
Consecutive failures: 0/N/A
Consecutive failures: 0/N/A
Consecutive failures: 0/N/A
Consecutive failures: 0/N/A
Consecutive failures: 0/N/A
Consecutive failures: 0/N/A
Consecutive failures: 0/N/A
Consecutive failures: 0/N/A
Consecutive failures: 0/N/A
Consecutive failures: 0/N/A
Consecutive failures: 0/N/A
Consecutive failures: 0/N/A
Generation failed for document 707655: Incomplete or unparsable MCQ content
Consecutive failures: 0/N/A
Consecutive failures: 0/N/A
Consecutive failures: 0/N/A
Consecutive failures: 0/N/A
Consecutive failures: 0/N/A
Consecutive failures: 0/N/A
Consecutive failures: 0/N/A
Consecutive failures: 0/N/A
Consecutive failures: 0/N/A
Generation failed for document 820039: Incomplete or unparsable MCQ content
Consecutive failures: 0/N/A
Consecutive failures: 0/N/A
Consecutive failures: 0/N/A
Consecutive failures: 0/N/A
Consecutive failures: 0/N/A
Generation failed for document 2022463: Incomplete or unparsable MCQ content
Consecutive failures: 0/N/A
Consecutive failures: 0/N/A
Consecutive failures: 0/N/A
Consecutive failures: 0/N/A
Consecutive failures: 0/N/A
Consecutive failures: 0/N/A
Consecutive failures: 0/N/A
Consecutive failures: 0/N/A
Consecutive failures: 0/N/A
Consecutive failures: 0/N/A
Consecutive failures: 0/N/A
Consecutive failures: 0/N/A
Consecutive failures: 0/N/A
Consecutive failures: 0/N/A
Consecutive failures: 0/N/A
Consecutive failures: 0/N/A
Consecutive failures: 0/N/A
Consecutive failures: 0/N/A
Generation failed for document 217039: Incomplete or unparsable MCQ content
Consecutive failures: 0/N/A
Consecutive failures: 0/N/A
Consecutive failures: 0/N/A
Consecutive failures: 0/N/A
Consecutive failures: 0/N/A
Consecutive failures: 0/N/A
Consecutive failures: 0/N/A
Consecutive failures: 0/N/A
Consecutive failures: 0/N/A
Consecutive failures: 0/N/A
Consecutive failures: 0/N/A
Consecutive failures: 0/N/A
Consecutive failures: 0/N/A
Consecutive failures: 0/N/A
Consecutive failures: 0/N/A
Consecutive failures: 0/N/A
Consecutive failures: 0/N/A
Consecutive failures: 0/N/A
Consecutive failures: 0/N/A
Generation failed for document 8255: Incomplete or unparsable MCQ content
Consecutive failures: 0/N/A
Consecutive failures: 0/N/A
Consecutive failures: 0/N/A
Consecutive failures: 0/N/A
Consecutive failures: 0/N/A
Consecutive failures: 0/N/A
Consecutive failures: 0/N/A
Generation failed for document 833567: Incomplete or unparsable MCQ content
Consecutive failures: 0/N/A
Consecutive failures: 0/N/A
Consecutive failures: 0/N/A
Consecutive failures: 0/N/A
Consecutive failures: 0/N/A
Consecutive failures: 0/N/A
Consecutive failures: 0/N/A
Consecutive failures: 0/N/A
Generation failed for document 980725: Incomplete or unparsable MCQ content
Consecutive failures: 0/N/A
Consecutive failures: 0/N/A
Consecutive failures: 0/N/A
Consecutive failures: 0/N/A
Consecutive failures: 0/N/A
Consecutive failures: 0/N/A
Consecutive failures: 0/N/A
Consecutive failures: 0/N/A
Consecutive failures: 0/N/A
Consecutive failures: 0/N/A
Consecutive failures: 0/N/A
Consecutive failures: 0/N/A
Consecutive failures: 0/N/A
Consecutive failures: 0/N/A
Generation failed for document 1194787: Incomplete or unparsable MCQ content
Consecutive failures: 0/N/A
Consecutive failures: 0/N/A
Consecutive failures: 0/N/A
Consecutive failures: 0/N/A
Consecutive failures: 0/N/A
Consecutive failures: 0/N/A
Consecutive failures: 0/N/A
Consecutive failures: 0/N/A
Consecutive failures: 0/N/A
Consecutive failures: 0/N/A
Consecutive failures: 0/N/A
Consecutive failures: 0/N/A
Consecutive failures: 0/N/A
Consecutive failures: 0/N/A
Generation failed for document 585315: Incomplete or unparsable MCQ content
Consecutive failures: 0/N/A
Consecutive failures: 0/N/A
Consecutive failures: 0/N/A
Consecutive failures: 0/N/A
Consecutive failures: 0/N/A
Consecutive failures: 0/N/A
Consecutive failures: 0/N/A
Consecutive failures: 0/N/A
Generation failed for document 1991567: Incomplete or unparsable MCQ content
Consecutive failures: 0/N/A
Consecutive failures: 0/N/A
Consecutive failures: 0/N/A
Consecutive failures: 0/N/A
Consecutive failures: 0/N/A
Consecutive failures: 0/N/A
Generation failed for document 1005928: Incomplete or unparsable MCQ content
Consecutive failures: 0/N/A
Consecutive failures: 0/N/A
Consecutive failures: 0/N/A
Consecutive failures: 0/N/A
Consecutive failures: 0/N/A
Consecutive failures: 0/N/A
Consecutive failures: 0/N/A
Consecutive failures: 0/N/A
Consecutive failures: 0/N/A
Consecutive failures: 0/N/A
Consecutive failures: 0/N/A
Consecutive failures: 0/N/A
Consecutive failures: 0/N/A
Consecutive failures: 0/N/A
Consecutive failures: 0/N/A
Consecutive failures: 0/N/A
Consecutive failures: 0/N/A
Generation failed for document 32263: Incomplete or unparsable MCQ content
Consecutive failures: 0/N/A
Consecutive failures: 0/N/A
Consecutive failures: 0/N/A
Consecutive failures: 0/N/A
Consecutive failures: 0/N/A
Consecutive failures: 0/N/A
Generation failed for document 1000329: Incomplete or unparsable MCQ content
Consecutive failures: 0/N/A
Consecutive failures: 0/N/A
Consecutive failures: 0/N/A
Consecutive failures: 0/N/A
Consecutive failures: 0/N/A
Consecutive failures: 0/N/A
Consecutive failures: 0/N/A
Consecutive failures: 0/N/A
Consecutive failures: 0/N/A
Consecutive failures: 0/N/A
Consecutive failures: 0/N/A
Consecutive failures: 0/N/A
Consecutive failures: 0/N/A
Consecutive failures: 0/N/A
Generation failed for document 34970: Incomplete or unparsable MCQ content
Consecutive failures: 0/N/A
Consecutive failures: 0/N/A
Consecutive failures: 0/N/A
Consecutive failures: 0/N/A
Generation failed for document 1831840: Incomplete or unparsable MCQ content
Consecutive failures: 0/N/A
Consecutive failures: 0/N/A
Consecutive failures: 0/N/A
Consecutive failures: 0/N/A
Consecutive failures: 0/N/A
Generation failed for document 216199: Incomplete or unparsable MCQ content
Consecutive failures: 0/N/A
Consecutive failures: 0/N/A
Consecutive failures: 0/N/A
Consecutive failures: 0/N/A
Consecutive failures: 0/N/A
Consecutive failures: 0/N/A
Consecutive failures: 0/N/A
Consecutive failures: 0/N/A
Consecutive failures: 0/N/A
Consecutive failures: 0/N/A
Consecutive failures: 0/N/A
Consecutive failures: 0/N/A
Consecutive failures: 0/N/A
Consecutive failures: 0/N/A
Consecutive failures: 0/N/A
Consecutive failures: 0/N/A
Consecutive failures: 0/N/A
Consecutive failures: 0/N/A
Consecutive failures: 0/N/A
Consecutive failures: 0/N/A
Consecutive failures: 0/N/A
Consecutive failures: 0/N/A
Consecutive failures: 0/N/A
Consecutive failures: 0/N/A
Consecutive failures: 0/N/A
Consecutive failures: 0/N/A
Consecutive failures: 0/N/A
Consecutive failures: 0/N/A
Consecutive failures: 0/N/A
Consecutive failures: 0/N/A
Consecutive failures: 0/N/A
Consecutive failures: 0/N/A
Consecutive failures: 0/N/A
Consecutive failures: 0/N/A
Consecutive failures: 0/N/A
Consecutive failures: 0/N/A
Consecutive failures: 0/N/A
Consecutive failures: 0/N/A
Consecutive failures: 0/N/A
Consecutive failures: 0/N/A
Consecutive failures: 0/N/A
Consecutive failures: 0/N/A
Consecutive failures: 0/N/A
Consecutive failures: 0/N/A
Generation failed for document 1262613: Incomplete or unparsable MCQ content
Consecutive failures: 0/N/A
Consecutive failures: 0/N/A
Consecutive failures: 0/N/A
Consecutive failures: 0/N/A
Generation failed for document 1447571: Incomplete or unparsable MCQ content
Consecutive failures: 0/N/A
Consecutive failures: 0/N/A
Consecutive failures: 0/N/A
Consecutive failures: 0/N/A
Consecutive failures: 0/N/A
Generation failed for document 341457: Incomplete or unparsable MCQ content
Consecutive failures: 0/N/A
Consecutive failures: 0/N/A
Consecutive failures: 0/N/A
Consecutive failures: 0/N/A
Consecutive failures: 0/N/A
Consecutive failures: 0/N/A
Consecutive failures: 0/N/A
Consecutive failures: 0/N/A
Consecutive failures: 0/N/A
Consecutive failures: 0/N/A
Consecutive failures: 0/N/A
Consecutive failures: 0/N/A
Consecutive failures: 0/N/A
Consecutive failures: 0/N/A
Consecutive failures: 0/N/A
Consecutive failures: 0/N/A
Consecutive failures: 0/N/A
Consecutive failures: 0/N/A
Consecutive failures: 0/N/A
Consecutive failures: 0/N/A
Consecutive failures: 0/N/A
Generation failed for document 1032164: Incomplete or unparsable MCQ content
Consecutive failures: 0/N/A
Consecutive failures: 0/N/A
Consecutive failures: 0/N/A
Consecutive failures: 0/N/A
Consecutive failures: 0/N/A
Consecutive failures: 0/N/A
Consecutive failures: 0/N/A
Consecutive failures: 0/N/A
Consecutive failures: 0/N/A
Consecutive failures: 0/N/A
Generation failed for document 100386: Incomplete or unparsable MCQ content
Consecutive failures: 0/N/A
Consecutive failures: 0/N/A
Consecutive failures: 0/N/A
Generation failed for document 110486: Incomplete or unparsable MCQ content
Consecutive failures: 0/N/A
Consecutive failures: 0/N/A
Generation failed for document 258091: Incomplete or unparsable MCQ content
Consecutive failures: 0/N/A
Consecutive failures: 0/N/A
Consecutive failures: 0/N/A
Consecutive failures: 0/N/A
Consecutive failures: 0/N/A
Consecutive failures: 0/N/A
Consecutive failures: 0/N/A
Generation failed for document 346098: Incomplete or unparsable MCQ content
Consecutive failures: 0/N/A
Consecutive failures: 0/N/A
Consecutive failures: 0/N/A
Consecutive failures: 0/N/A
Consecutive failures: 0/N/A
Consecutive failures: 0/N/A
Consecutive failures: 0/N/A
Consecutive failures: 0/N/A
Consecutive failures: 0/N/A
Generation failed for document 79200: Incomplete or unparsable MCQ content
Consecutive failures: 0/N/A
Consecutive failures: 0/N/A
Consecutive failures: 0/N/A
Consecutive failures: 0/N/A
Consecutive failures: 0/N/A
Consecutive failures: 0/N/A
Consecutive failures: 0/N/A
Consecutive failures: 0/N/A
Consecutive failures: 0/N/A
Consecutive failures: 0/N/A
Consecutive failures: 0/N/A
Consecutive failures: 0/N/A
Consecutive failures: 0/N/A
Consecutive failures: 0/N/A
Generation failed for document 95707: Incomplete or unparsable MCQ content
Consecutive failures: 0/N/A
Consecutive failures: 0/N/A
Consecutive failures: 0/N/A
Consecutive failures: 0/N/A
Consecutive failures: 0/N/A
Consecutive failures: 0/N/A
Consecutive failures: 0/N/A
Consecutive failures: 0/N/A
Generation failed for document 488919: Incomplete or unparsable MCQ content
Consecutive failures: 0/N/A
Consecutive failures: 0/N/A
Consecutive failures: 0/N/A
Consecutive failures: 0/N/A
Consecutive failures: 0/N/A
Consecutive failures: 0/N/A
Consecutive failures: 0/N/A
Consecutive failures: 0/N/A
Consecutive failures: 0/N/A
Generation failed for document 1574951: Incomplete or unparsable MCQ content
Consecutive failures: 0/N/A
Consecutive failures: 0/N/A
Consecutive failures: 0/N/A
Consecutive failures: 0/N/A
Consecutive failures: 0/N/A
Consecutive failures: 0/N/A
Consecutive failures: 0/N/A
Consecutive failures: 0/N/A
Consecutive failures: 0/N/A
Consecutive failures: 0/N/A
Consecutive failures: 0/N/A
Generation failed for document 1600524: Incomplete or unparsable MCQ content
Consecutive failures: 0/N/A
Consecutive failures: 0/N/A
Consecutive failures: 0/N/A
Consecutive failures: 0/N/A
Consecutive failures: 0/N/A
Consecutive failures: 0/N/A
Consecutive failures: 0/N/A
Consecutive failures: 0/N/A
Consecutive failures: 0/N/A
Generation failed for document 1672673: Incomplete or unparsable MCQ content
Consecutive failures: 0/N/A
Consecutive failures: 0/N/A
Consecutive failures: 0/N/A
Consecutive failures: 0/N/A
Consecutive failures: 0/N/A
Consecutive failures: 0/N/A
Consecutive failures: 0/N/A
Consecutive failures: 0/N/A
Consecutive failures: 0/N/A
Consecutive failures: 0/N/A
Consecutive failures: 0/N/A
Consecutive failures: 0/N/A
Consecutive failures: 0/N/A
Consecutive failures: 0/N/A
Consecutive failures: 0/N/A
Consecutive failures: 0/N/A
Consecutive failures: 0/N/A
Consecutive failures: 0/N/A
Consecutive failures: 0/N/A
Consecutive failures: 0/N/A
Consecutive failures: 0/N/A
Consecutive failures: 0/N/A
Consecutive failures: 0/N/A
Consecutive failures: 0/N/A
Consecutive failures: 0/N/A
Consecutive failures: 0/N/A
Consecutive failures: 0/N/A
Consecutive failures: 0/N/A
Consecutive failures: 0/N/A
Consecutive failures: 0/N/A
Consecutive failures: 0/N/A
Consecutive failures: 0/N/A
Consecutive failures: 0/N/A
Generation failed for document 1635326: Incomplete or unparsable MCQ content
Consecutive failures: 0/N/A
Consecutive failures: 0/N/A
Consecutive failures: 0/N/A
Consecutive failures: 0/N/A
Consecutive failures: 0/N/A
Consecutive failures: 0/N/A
Consecutive failures: 0/N/A
Consecutive failures: 0/N/A
Consecutive failures: 0/N/A
Consecutive failures: 0/N/A
Consecutive failures: 0/N/A
Consecutive failures: 0/N/A
Consecutive failures: 0/N/A
Consecutive failures: 0/N/A
Consecutive failures: 0/N/A
Consecutive failures: 0/N/A
Consecutive failures: 0/N/A
Generation failed for document 1372382: Incomplete or unparsable MCQ content
Consecutive failures: 0/N/A
Consecutive failures: 0/N/A
Consecutive failures: 0/N/A
Consecutive failures: 0/N/A
Consecutive failures: 0/N/A
Consecutive failures: 0/N/A
Consecutive failures: 0/N/A
Consecutive failures: 0/N/A
Consecutive failures: 0/N/A
Generation failed for document 983501: Incomplete or unparsable MCQ content
Consecutive failures: 0/N/A
Consecutive failures: 0/N/A
Generation failed for document 1198930: Incomplete or unparsable MCQ content
Consecutive failures: 0/N/A
Consecutive failures: 0/N/A
Consecutive failures: 0/N/A
Consecutive failures: 0/N/A
Consecutive failures: 0/N/A
Consecutive failures: 0/N/A
Generation failed for document 1745870: Incomplete or unparsable MCQ content
Consecutive failures: 0/N/A
Consecutive failures: 0/N/A
Consecutive failures: 0/N/A
Consecutive failures: 0/N/A
Generation failed for document 1164200: Incomplete or unparsable MCQ content
Consecutive failures: 0/N/A
Consecutive failures: 0/N/A
Consecutive failures: 0/N/A
Consecutive failures: 0/N/A
Consecutive failures: 0/N/A
Consecutive failures: 0/N/A
Consecutive failures: 0/N/A
Consecutive failures: 0/N/A
Consecutive failures: 0/N/A
Consecutive failures: 0/N/A
Consecutive failures: 0/N/A
Consecutive failures: 0/N/A
Generation failed for document 1481175: Incomplete or unparsable MCQ content
Consecutive failures: 0/N/A
Consecutive failures: 0/N/A
Consecutive failures: 0/N/A
Consecutive failures: 0/N/A
Consecutive failures: 0/N/A
Consecutive failures: 0/N/A
Consecutive failures: 0/N/A
Generation failed for document 1193206: Incomplete or unparsable MCQ content
Consecutive failures: 0/N/A
Consecutive failures: 0/N/A
Consecutive failures: 0/N/A
Consecutive failures: 0/N/A
Generation failed for document 1245682: Incomplete or unparsable MCQ content
Consecutive failures: 0/N/A
Consecutive failures: 0/N/A
Consecutive failures: 0/N/A
Generation failed for document 1935972: Incomplete or unparsable MCQ content
Consecutive failures: 0/N/A
Consecutive failures: 0/N/A
Consecutive failures: 0/N/A
Consecutive failures: 0/N/A
Consecutive failures: 0/N/A
Consecutive failures: 0/N/A
Consecutive failures: 0/N/A
Consecutive failures: 0/N/A
Consecutive failures: 0/N/A
Consecutive failures: 0/N/A
Consecutive failures: 0/N/A
Consecutive failures: 0/N/A
Consecutive failures: 0/N/A
Consecutive failures: 0/N/A
Consecutive failures: 0/N/A
Consecutive failures: 0/N/A
Consecutive failures: 0/N/A
Consecutive failures: 0/N/A
Consecutive failures: 0/N/A
Consecutive failures: 0/N/A
Consecutive failures: 0/N/A
Consecutive failures: 0/N/A
Consecutive failures: 0/N/A
Consecutive failures: 0/N/A
Consecutive failures: 0/N/A
Consecutive failures: 0/N/A
Consecutive failures: 0/N/A
Consecutive failures: 0/N/A
Consecutive failures: 0/N/A
Consecutive failures: 0/N/A
Consecutive failures: 0/N/A
Consecutive failures: 0/N/A
Consecutive failures: 0/N/A
Consecutive failures: 0/N/A
Generation failed for document 416886: Incomplete or unparsable MCQ content
Consecutive failures: 0/N/A
Consecutive failures: 0/N/A
Consecutive failures: 0/N/A
Consecutive failures: 0/N/A
Consecutive failures: 0/N/A
Consecutive failures: 0/N/A
Consecutive failures: 0/N/A
Consecutive failures: 0/N/A
Consecutive failures: 0/N/A
Consecutive failures: 0/N/A
Consecutive failures: 0/N/A
Generation failed for document 2086898: Incomplete or unparsable MCQ content
Consecutive failures: 0/N/A
Consecutive failures: 0/N/A
Consecutive failures: 0/N/A
Consecutive failures: 0/N/A
Consecutive failures: 0/N/A
Consecutive failures: 0/N/A
Consecutive failures: 0/N/A
Generation failed for document 882426: Incomplete or unparsable MCQ content
Consecutive failures: 0/N/A
Consecutive failures: 0/N/A
Consecutive failures: 0/N/A
Consecutive failures: 0/N/A
Consecutive failures: 0/N/A
Consecutive failures: 0/N/A
Consecutive failures: 0/N/A
Consecutive failures: 0/N/A
Generation failed for document 1234222: Incomplete or unparsable MCQ content
Consecutive failures: 0/N/A
Consecutive failures: 0/N/A
Consecutive failures: 0/N/A
Consecutive failures: 0/N/A
Consecutive failures: 0/N/A
Consecutive failures: 0/N/A
Consecutive failures: 0/N/A
Consecutive failures: 0/N/A
Consecutive failures: 0/N/A
Consecutive failures: 0/N/A
Consecutive failures: 0/N/A
Consecutive failures: 0/N/A
Consecutive failures: 0/N/A
Consecutive failures: 0/N/A
Consecutive failures: 0/N/A
Consecutive failures: 0/N/A
Consecutive failures: 0/N/A
Consecutive failures: 0/N/A
Consecutive failures: 0/N/A
Consecutive failures: 0/N/A
Consecutive failures: 0/N/A
Consecutive failures: 0/N/A
Consecutive failures: 0/N/A
Consecutive failures: 0/N/A
Generation failed for document 860610: Incomplete or unparsable MCQ content
Consecutive failures: 0/N/A
Consecutive failures: 0/N/A
Consecutive failures: 0/N/A
Consecutive failures: 0/N/A
Generation failed for document 815261: Incomplete or unparsable MCQ content
Consecutive failures: 0/N/A
Consecutive failures: 0/N/A
Consecutive failures: 0/N/A
Consecutive failures: 0/N/A
Consecutive failures: 0/N/A
Consecutive failures: 0/N/A
Generation failed for document 1234089: Incomplete or unparsable MCQ content
Consecutive failures: 0/N/A
Generation failed for document 1961594: Incomplete or unparsable MCQ content
Consecutive failures: 0/N/A
Consecutive failures: 0/N/A
Consecutive failures: 0/N/A
Generation failed for document 1005376: Incomplete or unparsable MCQ content
Consecutive failures: 0/N/A
Consecutive failures: 0/N/A
Consecutive failures: 0/N/A
Consecutive failures: 0/N/A
Consecutive failures: 0/N/A
Consecutive failures: 0/N/A
Consecutive failures: 0/N/A
Consecutive failures: 0/N/A
Consecutive failures: 0/N/A
Consecutive failures: 0/N/A
Consecutive failures: 0/N/A
Consecutive failures: 0/N/A
Consecutive failures: 0/N/A
Consecutive failures: 0/N/A
Consecutive failures: 0/N/A
Generation failed for document 1297147: Incomplete or unparsable MCQ content
Consecutive failures: 0/N/A
Consecutive failures: 0/N/A
Consecutive failures: 0/N/A
Consecutive failures: 0/N/A
Consecutive failures: 0/N/A
Consecutive failures: 0/N/A
Consecutive failures: 0/N/A
Consecutive failures: 0/N/A
Consecutive failures: 0/N/A
Consecutive failures: 0/N/A
Generation failed for document 1408125: Incomplete or unparsable MCQ content
Consecutive failures: 0/N/A
Consecutive failures: 0/N/A
Consecutive failures: 0/N/A
Consecutive failures: 0/N/A
Consecutive failures: 0/N/A
Consecutive failures: 0/N/A
Consecutive failures: 0/N/A
Consecutive failures: 0/N/A
Consecutive failures: 0/N/A
Consecutive failures: 0/N/A
Consecutive failures: 0/N/A
Consecutive failures: 0/N/A
Consecutive failures: 0/N/A
Consecutive failures: 0/N/A
Consecutive failures: 0/N/A
Generation failed for document 2005843: Incomplete or unparsable MCQ content
Consecutive failures: 0/N/A
Consecutive failures: 0/N/A
Consecutive failures: 0/N/A
Consecutive failures: 0/N/A
Consecutive failures: 0/N/A
Consecutive failures: 0/N/A
Consecutive failures: 0/N/A
Consecutive failures: 0/N/A
Consecutive failures: 0/N/A
Consecutive failures: 0/N/A
Consecutive failures: 0/N/A
Consecutive failures: 0/N/A
Consecutive failures: 0/N/A
Consecutive failures: 0/N/A
Consecutive failures: 0/N/A
Consecutive failures: 0/N/A
Consecutive failures: 0/N/A
Consecutive failures: 0/N/A
Consecutive failures: 0/N/A
Consecutive failures: 0/N/A
Generation failed for document 54351: Incomplete or unparsable MCQ content
Consecutive failures: 0/N/A
Consecutive failures: 0/N/A
Generation failed for document 952119: Incomplete or unparsable MCQ content
Consecutive failures: 0/N/A
Consecutive failures: 0/N/A
Consecutive failures: 0/N/A
Consecutive failures: 0/N/A
Consecutive failures: 0/N/A
Consecutive failures: 0/N/A
Consecutive failures: 0/N/A
Generation failed for document 1741752: Incomplete or unparsable MCQ content
Consecutive failures: 0/N/A
Consecutive failures: 0/N/A
Consecutive failures: 0/N/A
Consecutive failures: 0/N/A
Consecutive failures: 0/N/A
Consecutive failures: 0/N/A
Consecutive failures: 0/N/A
Consecutive failures: 0/N/A
Consecutive failures: 0/N/A
Consecutive failures: 0/N/A
Consecutive failures: 0/N/A
Consecutive failures: 0/N/A
Generation failed for document 614138: Incomplete or unparsable MCQ content
Consecutive failures: 0/N/A
Consecutive failures: 0/N/A
Consecutive failures: 0/N/A
Consecutive failures: 0/N/A
Consecutive failures: 0/N/A
Consecutive failures: 0/N/A
Consecutive failures: 0/N/A
Consecutive failures: 0/N/A
Consecutive failures: 0/N/A
Consecutive failures: 0/N/A
Consecutive failures: 0/N/A
Consecutive failures: 0/N/A
Consecutive failures: 0/N/A
Consecutive failures: 0/N/A
Consecutive failures: 0/N/A
Consecutive failures: 0/N/A
Consecutive failures: 0/N/A
Consecutive failures: 0/N/A
Consecutive failures: 0/N/A
Consecutive failures: 0/N/A
Consecutive failures: 0/N/A
Consecutive failures: 0/N/A
Consecutive failures: 0/N/A
Consecutive failures: 0/N/A
Consecutive failures: 0/N/A
Consecutive failures: 0/N/A
Consecutive failures: 0/N/A
Consecutive failures: 0/N/A
Consecutive failures: 0/N/A
Generation failed for document 1147794: Incomplete or unparsable MCQ content
Consecutive failures: 0/N/A
Consecutive failures: 0/N/A
Consecutive failures: 0/N/A
Consecutive failures: 0/N/A
Consecutive failures: 0/N/A
Consecutive failures: 0/N/A
Consecutive failures: 0/N/A
Consecutive failures: 0/N/A
Consecutive failures: 0/N/A
Consecutive failures: 0/N/A
Consecutive failures: 0/N/A
Generation failed for document 1841048: Incomplete or unparsable MCQ content
Consecutive failures: 0/N/A
Consecutive failures: 0/N/A
Consecutive failures: 0/N/A
Consecutive failures: 0/N/A
Consecutive failures: 0/N/A
Consecutive failures: 0/N/A
Consecutive failures: 0/N/A
Consecutive failures: 0/N/A
Consecutive failures: 0/N/A
Consecutive failures: 0/N/A
Consecutive failures: 0/N/A
Consecutive failures: 0/N/A
Consecutive failures: 0/N/A
Consecutive failures: 0/N/A
Generation failed for document 871516: Incomplete or unparsable MCQ content
Consecutive failures: 0/N/A
Consecutive failures: 0/N/A
Consecutive failures: 0/N/A
Consecutive failures: 0/N/A
Consecutive failures: 0/N/A
Consecutive failures: 0/N/A
Consecutive failures: 0/N/A
Consecutive failures: 0/N/A
Consecutive failures: 0/N/A
Consecutive failures: 0/N/A
Consecutive failures: 0/N/A
Consecutive failures: 0/N/A
Consecutive failures: 0/N/A
Generation failed for document 1895447: Incomplete or unparsable MCQ content
Consecutive failures: 0/N/A
Consecutive failures: 0/N/A
Consecutive failures: 0/N/A
Consecutive failures: 0/N/A
Consecutive failures: 0/N/A
Generation failed for document 2028788: Incomplete or unparsable MCQ content
Consecutive failures: 0/N/A
Consecutive failures: 0/N/A
Consecutive failures: 0/N/A
Consecutive failures: 0/N/A
Consecutive failures: 0/N/A
Consecutive failures: 0/N/A
Consecutive failures: 0/N/A
Consecutive failures: 0/N/A
Generation failed for document 117413: Incomplete or unparsable MCQ content
Consecutive failures: 0/N/A
Consecutive failures: 0/N/A
Generation failed for document 1499236: Incomplete or unparsable MCQ content
Consecutive failures: 0/N/A
Consecutive failures: 0/N/A
Consecutive failures: 0/N/A
Consecutive failures: 0/N/A
Consecutive failures: 0/N/A
Consecutive failures: 0/N/A
Consecutive failures: 0/N/A
Consecutive failures: 0/N/A
Consecutive failures: 0/N/A
Consecutive failures: 0/N/A
Consecutive failures: 0/N/A
Consecutive failures: 0/N/A
Consecutive failures: 0/N/A
Consecutive failures: 0/N/A
Consecutive failures: 0/N/A
Consecutive failures: 0/N/A
Generation failed for document 921612: Incomplete or unparsable MCQ content
Consecutive failures: 0/N/A
Consecutive failures: 0/N/A
Consecutive failures: 0/N/A
Consecutive failures: 0/N/A
Consecutive failures: 0/N/A
Consecutive failures: 0/N/A
Consecutive failures: 0/N/A
Consecutive failures: 0/N/A
Consecutive failures: 0/N/A
Consecutive failures: 0/N/A
Consecutive failures: 0/N/A
Consecutive failures: 0/N/A
Consecutive failures: 0/N/A
Consecutive failures: 0/N/A
Generation failed for document 433930: Incomplete or unparsable MCQ content
Consecutive failures: 0/N/A
Consecutive failures: 0/N/A
Consecutive failures: 0/N/A
Consecutive failures: 0/N/A
Consecutive failures: 0/N/A
Consecutive failures: 0/N/A
Consecutive failures: 0/N/A
Consecutive failures: 0/N/A
Consecutive failures: 0/N/A
Consecutive failures: 0/N/A
Consecutive failures: 0/N/A
Consecutive failures: 0/N/A
Consecutive failures: 0/N/A
Generation failed for document 541692: Incomplete or unparsable MCQ content
Consecutive failures: 0/N/A
Consecutive failures: 0/N/A
Consecutive failures: 0/N/A
Consecutive failures: 0/N/A
Consecutive failures: 0/N/A
Consecutive failures: 0/N/A
Consecutive failures: 0/N/A
Consecutive failures: 0/N/A
Consecutive failures: 0/N/A
Consecutive failures: 0/N/A
Consecutive failures: 0/N/A
Generation failed for document 1814351: Incomplete or unparsable MCQ content
Consecutive failures: 0/N/A
Consecutive failures: 0/N/A
Consecutive failures: 0/N/A
Consecutive failures: 0/N/A
Consecutive failures: 0/N/A
Consecutive failures: 0/N/A
Consecutive failures: 0/N/A
Consecutive failures: 0/N/A
Consecutive failures: 0/N/A
Consecutive failures: 0/N/A
Consecutive failures: 0/N/A
Consecutive failures: 0/N/A
Consecutive failures: 0/N/A
Consecutive failures: 0/N/A
Consecutive failures: 0/N/A
Consecutive failures: 0/N/A
Consecutive failures: 0/N/A
Consecutive failures: 0/N/A
Consecutive failures: 0/N/A
Consecutive failures: 0/N/A
Consecutive failures: 0/N/A
Consecutive failures: 0/N/A
Consecutive failures: 0/N/A
Consecutive failures: 0/N/A
Generation failed for document 860336: Incomplete or unparsable MCQ content
Consecutive failures: 0/N/A
Generation failed for document 437618: Incomplete or unparsable MCQ content
Consecutive failures: 0/N/A
Consecutive failures: 0/N/A
Consecutive failures: 0/N/A
Consecutive failures: 0/N/A
Consecutive failures: 0/N/A
Consecutive failures: 0/N/A
Consecutive failures: 0/N/A
Consecutive failures: 0/N/A
Consecutive failures: 0/N/A
Generation failed for document 1863696: Incomplete or unparsable MCQ content
Consecutive failures: 0/N/A
Consecutive failures: 0/N/A
Consecutive failures: 0/N/A
Generation failed for document 1441889: Incomplete or unparsable MCQ content
Consecutive failures: 0/N/A
Consecutive failures: 0/N/A
Consecutive failures: 0/N/A
Consecutive failures: 0/N/A
Consecutive failures: 0/N/A
Consecutive failures: 0/N/A
Generation failed for document 217056: Incomplete or unparsable MCQ content
Consecutive failures: 0/N/A
Consecutive failures: 0/N/A
Consecutive failures: 0/N/A
Consecutive failures: 0/N/A
Consecutive failures: 0/N/A
Consecutive failures: 0/N/A
Consecutive failures: 0/N/A
Consecutive failures: 0/N/A
Consecutive failures: 0/N/A
Consecutive failures: 0/N/A
Consecutive failures: 0/N/A
Consecutive failures: 0/N/A
Consecutive failures: 0/N/A
Consecutive failures: 0/N/A
Consecutive failures: 0/N/A
Consecutive failures: 0/N/A
Consecutive failures: 0/N/A
Consecutive failures: 0/N/A
Consecutive failures: 0/N/A
Consecutive failures: 0/N/A
Consecutive failures: 0/N/A
Consecutive failures: 0/N/A
Consecutive failures: 0/N/A
Consecutive failures: 0/N/A
Consecutive failures: 0/N/A
Consecutive failures: 0/N/A
Generation failed for document 2065689: Incomplete or unparsable MCQ content
Consecutive failures: 0/N/A
Consecutive failures: 0/N/A
Consecutive failures: 0/N/A
Consecutive failures: 0/N/A
Consecutive failures: 0/N/A
Consecutive failures: 0/N/A
Consecutive failures: 0/N/A
Consecutive failures: 0/N/A
Consecutive failures: 0/N/A
Consecutive failures: 0/N/A
Consecutive failures: 0/N/A
Consecutive failures: 0/N/A
Consecutive failures: 0/N/A
Consecutive failures: 0/N/A
Consecutive failures: 0/N/A
Generation failed for document 150309: Incomplete or unparsable MCQ content
Consecutive failures: 0/N/A
Consecutive failures: 0/N/A
Consecutive failures: 0/N/A
Consecutive failures: 0/N/A
Consecutive failures: 0/N/A
Consecutive failures: 0/N/A
Consecutive failures: 0/N/A
Consecutive failures: 0/N/A
Consecutive failures: 0/N/A
Consecutive failures: 0/N/A
Consecutive failures: 0/N/A
Consecutive failures: 0/N/A
Consecutive failures: 0/N/A
Consecutive failures: 0/N/A
Consecutive failures: 0/N/A
Generation failed for document 456286: Incomplete or unparsable MCQ content
Consecutive failures: 0/N/A
Consecutive failures: 0/N/A
Consecutive failures: 0/N/A
Consecutive failures: 0/N/A
Consecutive failures: 0/N/A
Consecutive failures: 0/N/A
Consecutive failures: 0/N/A
Consecutive failures: 0/N/A
Consecutive failures: 0/N/A
Consecutive failures: 0/N/A
Consecutive failures: 0/N/A
Consecutive failures: 0/N/A
Consecutive failures: 0/N/A
Consecutive failures: 0/N/A
Consecutive failures: 0/N/A
Consecutive failures: 0/N/A
Consecutive failures: 0/N/A
Consecutive failures: 0/N/A
Consecutive failures: 0/N/A
Consecutive failures: 0/N/A
Consecutive failures: 0/N/A
Consecutive failures: 0/N/A
Consecutive failures: 0/N/A
Generation failed for document 1163819: Incomplete or unparsable MCQ content
Consecutive failures: 0/N/A
Consecutive failures: 0/N/A
Generation failed for document 1243414: Incomplete or unparsable MCQ content
Consecutive failures: 0/N/A
Generation failed for document 627648: Incomplete or unparsable MCQ content
Consecutive failures: 0/N/A
Consecutive failures: 0/N/A
Consecutive failures: 0/N/A
Consecutive failures: 0/N/A
Generation failed for document 1745316: Incomplete or unparsable MCQ content
Consecutive failures: 0/N/A
Consecutive failures: 0/N/A
Generation failed for document 2000828: Incomplete or unparsable MCQ content
Consecutive failures: 0/N/A
Consecutive failures: 0/N/A
Consecutive failures: 0/N/A
Consecutive failures: 0/N/A
Consecutive failures: 0/N/A
Consecutive failures: 0/N/A
Consecutive failures: 0/N/A
Consecutive failures: 0/N/A
Consecutive failures: 0/N/A
Generation failed for document 131053: Incomplete or unparsable MCQ content
Consecutive failures: 0/N/A
Consecutive failures: 0/N/A
Consecutive failures: 0/N/A
Consecutive failures: 0/N/A
Consecutive failures: 0/N/A
Consecutive failures: 0/N/A
Consecutive failures: 0/N/A
Generation failed for document 35466: Incomplete or unparsable MCQ content
Consecutive failures: 0/N/A
Consecutive failures: 0/N/A
Consecutive failures: 0/N/A
Consecutive failures: 0/N/A
Consecutive failures: 0/N/A
Consecutive failures: 0/N/A
Consecutive failures: 0/N/A
Consecutive failures: 0/N/A
Consecutive failures: 0/N/A
Consecutive failures: 0/N/A
Consecutive failures: 0/N/A
Consecutive failures: 0/N/A
Consecutive failures: 0/N/A
Consecutive failures: 0/N/A
Consecutive failures: 0/N/A
Consecutive failures: 0/N/A
Consecutive failures: 0/N/A
Consecutive failures: 0/N/A
Consecutive failures: 0/N/A
Consecutive failures: 0/N/A
Consecutive failures: 0/N/A
Generation failed for document 799592: Incomplete or unparsable MCQ content
Consecutive failures: 0/N/A
Consecutive failures: 0/N/A
Consecutive failures: 0/N/A
Consecutive failures: 0/N/A
Consecutive failures: 0/N/A
Consecutive failures: 0/N/A
Consecutive failures: 0/N/A
Consecutive failures: 0/N/A
Consecutive failures: 0/N/A
Consecutive failures: 0/N/A
Consecutive failures: 0/N/A
Consecutive failures: 0/N/A
Consecutive failures: 0/N/A
Consecutive failures: 0/N/A
Consecutive failures: 0/N/A
Consecutive failures: 0/N/A
Consecutive failures: 0/N/A
Consecutive failures: 0/N/A
Generation failed for document 1672449: Incomplete or unparsable MCQ content
Consecutive failures: 0/N/A
Consecutive failures: 0/N/A
Consecutive failures: 0/N/A
Consecutive failures: 0/N/A
Consecutive failures: 0/N/A
Consecutive failures: 0/N/A
Consecutive failures: 0/N/A
Consecutive failures: 0/N/A
Consecutive failures: 0/N/A
Consecutive failures: 0/N/A
Consecutive failures: 0/N/A
Consecutive failures: 0/N/A
Consecutive failures: 0/N/A
Consecutive failures: 0/N/A
Consecutive failures: 0/N/A
Consecutive failures: 0/N/A
Consecutive failures: 0/N/A
Generation failed for document 353656: Incomplete or unparsable MCQ content
Consecutive failures: 0/N/A
Generation failed for document 718728: Incomplete or unparsable MCQ content
Consecutive failures: 0/N/A
Consecutive failures: 0/N/A
Consecutive failures: 0/N/A
Consecutive failures: 0/N/A
Consecutive failures: 0/N/A
Consecutive failures: 0/N/A
Consecutive failures: 0/N/A
Consecutive failures: 0/N/A
Consecutive failures: 0/N/A
Consecutive failures: 0/N/A
Consecutive failures: 0/N/A
Consecutive failures: 0/N/A
Consecutive failures: 0/N/A
Consecutive failures: 0/N/A
Consecutive failures: 0/N/A
Consecutive failures: 0/N/A
Consecutive failures: 0/N/A
Consecutive failures: 0/N/A
Consecutive failures: 0/N/A
Consecutive failures: 0/N/A
Consecutive failures: 0/N/A
Consecutive failures: 0/N/A
Consecutive failures: 0/N/A
Generation failed for document 1345665: Incomplete or unparsable MCQ content
Consecutive failures: 0/N/A
Consecutive failures: 0/N/A
Consecutive failures: 0/N/A
Consecutive failures: 0/N/A
Consecutive failures: 0/N/A
Consecutive failures: 0/N/A
Consecutive failures: 0/N/A
Consecutive failures: 0/N/A
Consecutive failures: 0/N/A
Consecutive failures: 0/N/A
Consecutive failures: 0/N/A
Consecutive failures: 0/N/A
Consecutive failures: 0/N/A
Consecutive failures: 0/N/A
Generation failed for document 616127: Incomplete or unparsable MCQ content
Consecutive failures: 0/N/A
Consecutive failures: 0/N/A
Consecutive failures: 0/N/A
Consecutive failures: 0/N/A
Consecutive failures: 0/N/A
Consecutive failures: 0/N/A
Consecutive failures: 0/N/A
Consecutive failures: 0/N/A
Generation failed for document 1068508: Incomplete or unparsable MCQ content
Consecutive failures: 0/N/A
Consecutive failures: 0/N/A
Consecutive failures: 0/N/A
Consecutive failures: 0/N/A
Consecutive failures: 0/N/A
Consecutive failures: 0/N/A
Consecutive failures: 0/N/A
Generation failed for document 440876: Incomplete or unparsable MCQ content
Consecutive failures: 0/N/A
Consecutive failures: 0/N/A
Consecutive failures: 0/N/A
Generation failed for document 1268480: Incomplete or unparsable MCQ content
Consecutive failures: 0/N/A
Consecutive failures: 0/N/A
Consecutive failures: 0/N/A
Consecutive failures: 0/N/A
Generation failed for document 2039321: Incomplete or unparsable MCQ content
Consecutive failures: 0/N/A
Consecutive failures: 0/N/A
Consecutive failures: 0/N/A
Consecutive failures: 0/N/A
Consecutive failures: 0/N/A
Generation failed for document 1323707: Incomplete or unparsable MCQ content
Consecutive failures: 0/N/A
Consecutive failures: 0/N/A
Consecutive failures: 0/N/A
Consecutive failures: 0/N/A
Consecutive failures: 0/N/A
Consecutive failures: 0/N/A
Consecutive failures: 0/N/A
Consecutive failures: 0/N/A
Consecutive failures: 0/N/A
Consecutive failures: 0/N/A
Consecutive failures: 0/N/A
Consecutive failures: 0/N/A
Consecutive failures: 0/N/A
Consecutive failures: 0/N/A
Consecutive failures: 0/N/A
Consecutive failures: 0/N/A
Consecutive failures: 0/N/A
Consecutive failures: 0/N/A
Consecutive failures: 0/N/A
Consecutive failures: 0/N/A
Consecutive failures: 0/N/A
Consecutive failures: 0/N/A
Consecutive failures: 0/N/A
Consecutive failures: 0/N/A
Consecutive failures: 0/N/A
Consecutive failures: 0/N/A
Consecutive failures: 0/N/A
Consecutive failures: 0/N/A
Consecutive failures: 0/N/A
Consecutive failures: 0/N/A
Consecutive failures: 0/N/A
Consecutive failures: 0/N/A
Consecutive failures: 0/N/A
Consecutive failures: 0/N/A
Consecutive failures: 0/N/A
Consecutive failures: 0/N/A
Consecutive failures: 0/N/A
Consecutive failures: 0/N/A
Consecutive failures: 0/N/A
Consecutive failures: 0/N/A
Consecutive failures: 0/N/A
Consecutive failures: 0/N/A
Generation failed for document 2031468: Incomplete or unparsable MCQ content
Consecutive failures: 0/N/A
Consecutive failures: 0/N/A
Consecutive failures: 0/N/A
Generation failed for document 1912074: Incomplete or unparsable MCQ content
Consecutive failures: 0/N/A
Consecutive failures: 0/N/A
Consecutive failures: 0/N/A
Consecutive failures: 0/N/A
Consecutive failures: 0/N/A
Generation failed for document 1043076: Incomplete or unparsable MCQ content
Consecutive failures: 0/N/A
Generation failed for document 1197934: Incomplete or unparsable MCQ content
Consecutive failures: 0/N/A
Consecutive failures: 0/N/A
Consecutive failures: 0/N/A
Consecutive failures: 0/N/A
Consecutive failures: 0/N/A
Consecutive failures: 0/N/A
Consecutive failures: 0/N/A
Consecutive failures: 0/N/A
Consecutive failures: 0/N/A
Consecutive failures: 0/N/A
Consecutive failures: 0/N/A
Consecutive failures: 0/N/A
Consecutive failures: 0/N/A
Consecutive failures: 0/N/A
Consecutive failures: 0/N/A
Consecutive failures: 0/N/A
Consecutive failures: 0/N/A
Generation failed for document 1348435: Incomplete or unparsable MCQ content
Consecutive failures: 0/N/A
Consecutive failures: 0/N/A
Consecutive failures: 0/N/A
Consecutive failures: 0/N/A
Consecutive failures: 0/N/A
Consecutive failures: 0/N/A
Consecutive failures: 0/N/A
Consecutive failures: 0/N/A
Consecutive failures: 0/N/A
Consecutive failures: 0/N/A
Consecutive failures: 0/N/A
Consecutive failures: 0/N/A
Consecutive failures: 0/N/A
Consecutive failures: 0/N/A
Consecutive failures: 0/N/A
Consecutive failures: 0/N/A
Consecutive failures: 0/N/A
Consecutive failures: 0/N/A
Consecutive failures: 0/N/A
Generation failed for document 217316: Incomplete or unparsable MCQ content
Consecutive failures: 0/N/A
Consecutive failures: 0/N/A
Consecutive failures: 0/N/A
Consecutive failures: 0/N/A
Consecutive failures: 0/N/A
Consecutive failures: 0/N/A
Consecutive failures: 0/N/A
Consecutive failures: 0/N/A
Generation failed for document 709195: Incomplete or unparsable MCQ content
Consecutive failures: 0/N/A
Consecutive failures: 0/N/A
Consecutive failures: 0/N/A
Consecutive failures: 0/N/A
Consecutive failures: 0/N/A
Consecutive failures: 0/N/A
Consecutive failures: 0/N/A
Consecutive failures: 0/N/A
Consecutive failures: 0/N/A
Consecutive failures: 0/N/A
Consecutive failures: 0/N/A
Consecutive failures: 0/N/A
Consecutive failures: 0/N/A
Consecutive failures: 0/N/A
Consecutive failures: 0/N/A
Consecutive failures: 0/N/A
Consecutive failures: 0/N/A
Consecutive failures: 0/N/A
Consecutive failures: 0/N/A
Consecutive failures: 0/N/A
Generation failed for document 2065797: Incomplete or unparsable MCQ content
Consecutive failures: 0/N/A
Consecutive failures: 0/N/A
Consecutive failures: 0/N/A
Consecutive failures: 0/N/A
Consecutive failures: 0/N/A
Consecutive failures: 0/N/A
Consecutive failures: 0/N/A
Consecutive failures: 0/N/A
Consecutive failures: 0/N/A
Consecutive failures: 0/N/A
Consecutive failures: 0/N/A
Consecutive failures: 0/N/A
Generation failed for document 1197942: Incomplete or unparsable MCQ content
Consecutive failures: 0/N/A
Consecutive failures: 0/N/A
Consecutive failures: 0/N/A
Consecutive failures: 0/N/A
Consecutive failures: 0/N/A
Consecutive failures: 0/N/A
Consecutive failures: 0/N/A
Consecutive failures: 0/N/A
Consecutive failures: 0/N/A
Generation failed for document 433510: Incomplete or unparsable MCQ content
Consecutive failures: 0/N/A
Consecutive failures: 0/N/A
Consecutive failures: 0/N/A
Consecutive failures: 0/N/A
Generation failed for document 103652: Incomplete or unparsable MCQ content
Consecutive failures: 0/N/A
Consecutive failures: 0/N/A
Consecutive failures: 0/N/A
Consecutive failures: 0/N/A
Consecutive failures: 0/N/A
Consecutive failures: 0/N/A
Consecutive failures: 0/N/A
Consecutive failures: 0/N/A
Consecutive failures: 0/N/A
Consecutive failures: 0/N/A
Consecutive failures: 0/N/A
Consecutive failures: 0/N/A
Consecutive failures: 0/N/A
Consecutive failures: 0/N/A
Consecutive failures: 0/N/A
Consecutive failures: 0/N/A
Consecutive failures: 0/N/A
Consecutive failures: 0/N/A
Consecutive failures: 0/N/A
Consecutive failures: 0/N/A
Consecutive failures: 0/N/A
Consecutive failures: 0/N/A
Consecutive failures: 0/N/A
Consecutive failures: 0/N/A
Consecutive failures: 0/N/A
Consecutive failures: 0/N/A
Consecutive failures: 0/N/A
Consecutive failures: 0/N/A
Consecutive failures: 0/N/A
Consecutive failures: 0/N/A
Consecutive failures: 0/N/A
Consecutive failures: 0/N/A
Consecutive failures: 0/N/A
Consecutive failures: 0/N/A
Consecutive failures: 0/N/A
Consecutive failures: 0/N/A
Consecutive failures: 0/N/A
Consecutive failures: 0/N/A
Consecutive failures: 0/N/A
Consecutive failures: 0/N/A
Generation failed for document 1382645: Incomplete or unparsable MCQ content
Consecutive failures: 0/N/A
Consecutive failures: 0/N/A
Consecutive failures: 0/N/A
Generation failed for document 951916: Incomplete or unparsable MCQ content
Consecutive failures: 0/N/A
Consecutive failures: 0/N/A
Consecutive failures: 0/N/A
Consecutive failures: 0/N/A
Consecutive failures: 0/N/A
Consecutive failures: 0/N/A
Consecutive failures: 0/N/A
Generation failed for document 979764: Incomplete or unparsable MCQ content
Consecutive failures: 0/N/A
Consecutive failures: 0/N/A
Consecutive failures: 0/N/A
Consecutive failures: 0/N/A
Consecutive failures: 0/N/A
Consecutive failures: 0/N/A
Consecutive failures: 0/N/A
Consecutive failures: 0/N/A
Consecutive failures: 0/N/A
Consecutive failures: 0/N/A
Generation failed for document 2128022: Incomplete or unparsable MCQ content
Consecutive failures: 0/N/A
Generation failed for document 610456: Incomplete or unparsable MCQ content
Consecutive failures: 0/N/A
Consecutive failures: 0/N/A
Consecutive failures: 0/N/A
Consecutive failures: 0/N/A
Consecutive failures: 0/N/A
Consecutive failures: 0/N/A
Consecutive failures: 0/N/A
Consecutive failures: 0/N/A
Consecutive failures: 0/N/A
Consecutive failures: 0/N/A
Consecutive failures: 0/N/A
Consecutive failures: 0/N/A
Consecutive failures: 0/N/A
Generation failed for document 1669823: Incomplete or unparsable MCQ content
Consecutive failures: 0/N/A
Consecutive failures: 0/N/A
Consecutive failures: 0/N/A
Consecutive failures: 0/N/A
Consecutive failures: 0/N/A
Consecutive failures: 0/N/A
Consecutive failures: 0/N/A
Consecutive failures: 0/N/A
Consecutive failures: 0/N/A
Consecutive failures: 0/N/A
Generation failed for document 1083678: Incomplete or unparsable MCQ content
Consecutive failures: 0/N/A
Consecutive failures: 0/N/A
Consecutive failures: 0/N/A
Consecutive failures: 0/N/A
Consecutive failures: 0/N/A
Consecutive failures: 0/N/A
Consecutive failures: 0/N/A
Consecutive failures: 0/N/A
Consecutive failures: 0/N/A
Consecutive failures: 0/N/A
Consecutive failures: 0/N/A
Generation failed for document 827494: Incomplete or unparsable MCQ content
Consecutive failures: 0/N/A
Consecutive failures: 0/N/A
Consecutive failures: 0/N/A
Generation failed for document 1381464: Incomplete or unparsable MCQ content
Consecutive failures: 0/N/A
Consecutive failures: 0/N/A
Consecutive failures: 0/N/A
Consecutive failures: 0/N/A
Consecutive failures: 0/N/A
Consecutive failures: 0/N/A
Consecutive failures: 0/N/A
Consecutive failures: 0/N/A
Consecutive failures: 0/N/A
Consecutive failures: 0/N/A
Generation failed for document 266346: Incomplete or unparsable MCQ content
Consecutive failures: 0/N/A
Consecutive failures: 0/N/A
Consecutive failures: 0/N/A
Consecutive failures: 0/N/A
Consecutive failures: 0/N/A
Consecutive failures: 0/N/A
Consecutive failures: 0/N/A
Consecutive failures: 0/N/A
Consecutive failures: 0/N/A
Consecutive failures: 0/N/A
Consecutive failures: 0/N/A
Consecutive failures: 0/N/A
Consecutive failures: 0/N/A
Consecutive failures: 0/N/A
Consecutive failures: 0/N/A
Consecutive failures: 0/N/A
Consecutive failures: 0/N/A
Consecutive failures: 0/N/A
Consecutive failures: 0/N/A
Consecutive failures: 0/N/A
Generation failed for document 901238: Incomplete or unparsable MCQ content
Consecutive failures: 0/N/A
Generation failed for document 1243406: Incomplete or unparsable MCQ content
Consecutive failures: 0/N/A
Consecutive failures: 0/N/A
Consecutive failures: 0/N/A
Consecutive failures: 0/N/A
Consecutive failures: 0/N/A
Consecutive failures: 0/N/A
Consecutive failures: 0/N/A
Consecutive failures: 0/N/A
Consecutive failures: 0/N/A
Consecutive failures: 0/N/A
Consecutive failures: 0/N/A
Consecutive failures: 0/N/A
Consecutive failures: 0/N/A
Consecutive failures: 0/N/A
Consecutive failures: 0/N/A
Consecutive failures: 0/N/A
Consecutive failures: 0/N/A
Consecutive failures: 0/N/A
Consecutive failures: 0/N/A
Consecutive failures: 0/N/A
Consecutive failures: 0/N/A
Consecutive failures: 0/N/A
Generation failed for document 1861865: Incomplete or unparsable MCQ content
Consecutive failures: 0/N/A
Consecutive failures: 0/N/A
Consecutive failures: 0/N/A
Consecutive failures: 0/N/A
Consecutive failures: 0/N/A
Generation failed for document 215244: Incomplete or unparsable MCQ content
Consecutive failures: 0/N/A
Consecutive failures: 0/N/A
Consecutive failures: 0/N/A
Consecutive failures: 0/N/A
Consecutive failures: 0/N/A
Consecutive failures: 0/N/A
Consecutive failures: 0/N/A
Consecutive failures: 0/N/A
Consecutive failures: 0/N/A
Generation failed for document 723365: Incomplete or unparsable MCQ content
Consecutive failures: 0/N/A
Consecutive failures: 0/N/A
Consecutive failures: 0/N/A
Consecutive failures: 0/N/A
Consecutive failures: 0/N/A
Consecutive failures: 0/N/A
Consecutive failures: 0/N/A
Consecutive failures: 0/N/A
Consecutive failures: 0/N/A
Generation failed for document 2015548: Incomplete or unparsable MCQ content
Consecutive failures: 0/N/A
Consecutive failures: 0/N/A
Consecutive failures: 0/N/A
Generation failed for document 1452238: Incomplete or unparsable MCQ content
Consecutive failures: 0/N/A
Consecutive failures: 0/N/A
Consecutive failures: 0/N/A
Consecutive failures: 0/N/A
Consecutive failures: 0/N/A
Consecutive failures: 0/N/A
Consecutive failures: 0/N/A
Consecutive failures: 0/N/A
Consecutive failures: 0/N/A
Consecutive failures: 0/N/A
Consecutive failures: 0/N/A
Consecutive failures: 0/N/A
Consecutive failures: 0/N/A
Consecutive failures: 0/N/A
Consecutive failures: 0/N/A
Consecutive failures: 0/N/A
Consecutive failures: 0/N/A
Consecutive failures: 0/N/A
Consecutive failures: 0/N/A
Consecutive failures: 0/N/A
Consecutive failures: 0/N/A
Consecutive failures: 0/N/A
Consecutive failures: 0/N/A
Consecutive failures: 0/N/A
Consecutive failures: 0/N/A
Consecutive failures: 0/N/A
Consecutive failures: 0/N/A
Consecutive failures: 0/N/A
Consecutive failures: 0/N/A
Consecutive failures: 0/N/A
Consecutive failures: 0/N/A
Consecutive failures: 0/N/A
Consecutive failures: 0/N/A
Consecutive failures: 0/N/A
Consecutive failures: 0/N/A
Consecutive failures: 0/N/A
Generation failed for document 1796373: Incomplete or unparsable MCQ content
Consecutive failures: 0/N/A
Generation failed for document 1292035: Incomplete or unparsable MCQ content
Consecutive failures: 0/N/A
Consecutive failures: 0/N/A
Consecutive failures: 0/N/A
Consecutive failures: 0/N/A
Consecutive failures: 0/N/A
Consecutive failures: 0/N/A
Consecutive failures: 0/N/A
Generation failed for document 339571: Incomplete or unparsable MCQ content
Consecutive failures: 0/N/A
Consecutive failures: 0/N/A
Consecutive failures: 0/N/A
Consecutive failures: 0/N/A
Consecutive failures: 0/N/A
Consecutive failures: 0/N/A
Consecutive failures: 0/N/A
Generation failed for document 1442964: Incomplete or unparsable MCQ content
Consecutive failures: 0/N/A
Consecutive failures: 0/N/A
Consecutive failures: 0/N/A
Consecutive failures: 0/N/A
Consecutive failures: 0/N/A
Consecutive failures: 0/N/A
Consecutive failures: 0/N/A
Consecutive failures: 0/N/A
Consecutive failures: 0/N/A
Consecutive failures: 0/N/A
Consecutive failures: 0/N/A
Consecutive failures: 0/N/A
Consecutive failures: 0/N/A
Consecutive failures: 0/N/A
Generation failed for document 1447967: Incomplete or unparsable MCQ content
Consecutive failures: 0/N/A
Consecutive failures: 0/N/A
Consecutive failures: 0/N/A
Consecutive failures: 0/N/A
Consecutive failures: 0/N/A
Consecutive failures: 0/N/A
Consecutive failures: 0/N/A
Consecutive failures: 0/N/A
Consecutive failures: 0/N/A
Consecutive failures: 0/N/A
Consecutive failures: 0/N/A
Consecutive failures: 0/N/A
Generation failed for document 717531: Incomplete or unparsable MCQ content
Consecutive failures: 0/N/A
Generation failed for document 426646: Incomplete or unparsable MCQ content
Consecutive failures: 0/N/A
Consecutive failures: 0/N/A
Consecutive failures: 0/N/A
Consecutive failures: 0/N/A
Consecutive failures: 0/N/A
Consecutive failures: 0/N/A
Consecutive failures: 0/N/A
Consecutive failures: 0/N/A
Consecutive failures: 0/N/A
Consecutive failures: 0/N/A
Consecutive failures: 0/N/A
Consecutive failures: 0/N/A
Generation failed for document 534216: Incomplete or unparsable MCQ content
Consecutive failures: 0/N/A
Consecutive failures: 0/N/A
Consecutive failures: 0/N/A
Consecutive failures: 0/N/A
Consecutive failures: 0/N/A
Consecutive failures: 0/N/A
Generation failed for document 2015553: Incomplete or unparsable MCQ content
Consecutive failures: 0/N/A
Consecutive failures: 0/N/A
Consecutive failures: 0/N/A
Consecutive failures: 0/N/A
Consecutive failures: 0/N/A
Consecutive failures: 0/N/A
Consecutive failures: 0/N/A
Consecutive failures: 0/N/A
Consecutive failures: 0/N/A
Consecutive failures: 0/N/A
Consecutive failures: 0/N/A
Consecutive failures: 0/N/A
Consecutive failures: 0/N/A
Consecutive failures: 0/N/A
Consecutive failures: 0/N/A
Consecutive failures: 0/N/A
Consecutive failures: 0/N/A
Generation failed for document 1112866: Incomplete or unparsable MCQ content
Consecutive failures: 0/N/A
Consecutive failures: 0/N/A
Consecutive failures: 0/N/A
Consecutive failures: 0/N/A
Consecutive failures: 0/N/A
Consecutive failures: 0/N/A
Consecutive failures: 0/N/A
Consecutive failures: 0/N/A
Consecutive failures: 0/N/A
Consecutive failures: 0/N/A
Consecutive failures: 0/N/A
Consecutive failures: 0/N/A
Generation failed for document 1671491: Incomplete or unparsable MCQ content
Consecutive failures: 0/N/A
Consecutive failures: 0/N/A
Consecutive failures: 0/N/A
Consecutive failures: 0/N/A
Generation failed for document 814354: Incomplete or unparsable MCQ content
Consecutive failures: 0/N/A
Consecutive failures: 0/N/A
Consecutive failures: 0/N/A
Consecutive failures: 0/N/A
Consecutive failures: 0/N/A
Consecutive failures: 0/N/A
Consecutive failures: 0/N/A
Consecutive failures: 0/N/A
Consecutive failures: 0/N/A
Generation failed for document 63468: Incomplete or unparsable MCQ content
Consecutive failures: 0/N/A
Consecutive failures: 0/N/A
Consecutive failures: 0/N/A
Consecutive failures: 0/N/A
Consecutive failures: 0/N/A
Generation failed for document 2067087: Incomplete or unparsable MCQ content
Consecutive failures: 0/N/A
Generation failed for document 718199: Incomplete or unparsable MCQ content
Consecutive failures: 0/N/A
Consecutive failures: 0/N/A
Consecutive failures: 0/N/A
Consecutive failures: 0/N/A
Consecutive failures: 0/N/A
Consecutive failures: 0/N/A
Consecutive failures: 0/N/A
Generation failed for document 741288: Incomplete or unparsable MCQ content
Consecutive failures: 0/N/A
Consecutive failures: 0/N/A
Consecutive failures: 0/N/A
Consecutive failures: 0/N/A
Consecutive failures: 0/N/A
Consecutive failures: 0/N/A
Consecutive failures: 0/N/A
Consecutive failures: 0/N/A
Consecutive failures: 0/N/A
Consecutive failures: 0/N/A
Consecutive failures: 0/N/A
Consecutive failures: 0/N/A
Consecutive failures: 0/N/A
Consecutive failures: 0/N/A
Consecutive failures: 0/N/A
Consecutive failures: 0/N/A
Consecutive failures: 0/N/A
Consecutive failures: 0/N/A
Consecutive failures: 0/N/A
Consecutive failures: 0/N/A
Generation failed for document 1215337: Incomplete or unparsable MCQ content
Consecutive failures: 0/N/A
Consecutive failures: 0/N/A
Consecutive failures: 0/N/A
Consecutive failures: 0/N/A
Consecutive failures: 0/N/A
Consecutive failures: 0/N/A
Consecutive failures: 0/N/A
Consecutive failures: 0/N/A
Consecutive failures: 0/N/A
Consecutive failures: 0/N/A
Generation failed for document 719404: Incomplete or unparsable MCQ content
Consecutive failures: 0/N/A
Consecutive failures: 0/N/A
Consecutive failures: 0/N/A
Consecutive failures: 0/N/A
Consecutive failures: 0/N/A
Consecutive failures: 0/N/A
Consecutive failures: 0/N/A
Consecutive failures: 0/N/A
Consecutive failures: 0/N/A
Consecutive failures: 0/N/A
Consecutive failures: 0/N/A
Consecutive failures: 0/N/A
Generation failed for document 1450621: Incomplete or unparsable MCQ content
Consecutive failures: 0/N/A
Consecutive failures: 0/N/A
Consecutive failures: 0/N/A
Consecutive failures: 0/N/A
Consecutive failures: 0/N/A
Consecutive failures: 0/N/A
Consecutive failures: 0/N/A
Consecutive failures: 0/N/A
Consecutive failures: 0/N/A
Consecutive failures: 0/N/A
Consecutive failures: 0/N/A
Consecutive failures: 0/N/A
Consecutive failures: 0/N/A
Consecutive failures: 0/N/A
Generation failed for document 1429112: Incomplete or unparsable MCQ content
Consecutive failures: 0/N/A
Consecutive failures: 0/N/A
Consecutive failures: 0/N/A
Consecutive failures: 0/N/A
Consecutive failures: 0/N/A
Consecutive failures: 0/N/A
Consecutive failures: 0/N/A
Consecutive failures: 0/N/A
Consecutive failures: 0/N/A
Consecutive failures: 0/N/A
Consecutive failures: 0/N/A
Consecutive failures: 0/N/A
Generation failed for document 1246029: Incomplete or unparsable MCQ content
Consecutive failures: 0/N/A
Consecutive failures: 0/N/A
Consecutive failures: 0/N/A
Consecutive failures: 0/N/A
Consecutive failures: 0/N/A
Consecutive failures: 0/N/A
Consecutive failures: 0/N/A
Consecutive failures: 0/N/A
Consecutive failures: 0/N/A
Consecutive failures: 0/N/A
Consecutive failures: 0/N/A
Consecutive failures: 0/N/A
Consecutive failures: 0/N/A
Consecutive failures: 0/N/A
Generation failed for document 1342045: Incomplete or unparsable MCQ content
Consecutive failures: 0/N/A
Consecutive failures: 0/N/A
Consecutive failures: 0/N/A
Generation failed for document 216148: Incomplete or unparsable MCQ content
Consecutive failures: 0/N/A
Consecutive failures: 0/N/A
Consecutive failures: 0/N/A
Consecutive failures: 0/N/A
Consecutive failures: 0/N/A
Consecutive failures: 0/N/A
Consecutive failures: 0/N/A
Consecutive failures: 0/N/A
Consecutive failures: 0/N/A
Consecutive failures: 0/N/A
Consecutive failures: 0/N/A
Consecutive failures: 0/N/A
Generation failed for document 1676473: Incomplete or unparsable MCQ content
Consecutive failures: 0/N/A
Consecutive failures: 0/N/A
Consecutive failures: 0/N/A
Consecutive failures: 0/N/A
Consecutive failures: 0/N/A
Consecutive failures: 0/N/A
Consecutive failures: 0/N/A
Consecutive failures: 0/N/A
Consecutive failures: 0/N/A
Consecutive failures: 0/N/A
Consecutive failures: 0/N/A
Consecutive failures: 0/N/A
Consecutive failures: 0/N/A
Consecutive failures: 0/N/A
Generation failed for document 409546: Incomplete or unparsable MCQ content
Consecutive failures: 0/N/A
Consecutive failures: 0/N/A
Consecutive failures: 0/N/A
Consecutive failures: 0/N/A
Consecutive failures: 0/N/A
Generation failed for document 1245398: Incomplete or unparsable MCQ content
Consecutive failures: 0/N/A
Consecutive failures: 0/N/A
Consecutive failures: 0/N/A
Consecutive failures: 0/N/A
Consecutive failures: 0/N/A
Consecutive failures: 0/N/A
Consecutive failures: 0/N/A
Consecutive failures: 0/N/A
Generation failed for document 1868132: Incomplete or unparsable MCQ content
Consecutive failures: 0/N/A
Consecutive failures: 0/N/A
Consecutive failures: 0/N/A
Consecutive failures: 0/N/A
Generation failed for document 829511: Incomplete or unparsable MCQ content
Consecutive failures: 0/N/A
Generation failed for document 229769: Incomplete or unparsable MCQ content
Consecutive failures: 0/N/A
Consecutive failures: 0/N/A
Consecutive failures: 0/N/A
Consecutive failures: 0/N/A
Consecutive failures: 0/N/A
Consecutive failures: 0/N/A
Consecutive failures: 0/N/A
Consecutive failures: 0/N/A
Consecutive failures: 0/N/A
Consecutive failures: 0/N/A
Consecutive failures: 0/N/A
Consecutive failures: 0/N/A
Consecutive failures: 0/N/A
Consecutive failures: 0/N/A
Consecutive failures: 0/N/A
Consecutive failures: 0/N/A
Consecutive failures: 0/N/A
Consecutive failures: 0/N/A
Consecutive failures: 0/N/A
Consecutive failures: 0/N/A
Consecutive failures: 0/N/A
Consecutive failures: 0/N/A
Consecutive failures: 0/N/A
Consecutive failures: 0/N/A
Consecutive failures: 0/N/A
Generation failed for document 1864918: Incomplete or unparsable MCQ content
Consecutive failures: 0/N/A
Consecutive failures: 0/N/A
Consecutive failures: 0/N/A
Consecutive failures: 0/N/A
Consecutive failures: 0/N/A
Consecutive failures: 0/N/A
Consecutive failures: 0/N/A
Consecutive failures: 0/N/A
Consecutive failures: 0/N/A
Consecutive failures: 0/N/A
Consecutive failures: 0/N/A
Consecutive failures: 0/N/A
Consecutive failures: 0/N/A
Consecutive failures: 0/N/A
Consecutive failures: 0/N/A
Consecutive failures: 0/N/A
Consecutive failures: 0/N/A
Consecutive failures: 0/N/A
Consecutive failures: 0/N/A
Generation failed for document 1045328: Incomplete or unparsable MCQ content
Consecutive failures: 0/N/A
Consecutive failures: 0/N/A
Consecutive failures: 0/N/A
Consecutive failures: 0/N/A
Consecutive failures: 0/N/A
Consecutive failures: 0/N/A
Consecutive failures: 0/N/A
Consecutive failures: 0/N/A
Consecutive failures: 0/N/A
Consecutive failures: 0/N/A
Consecutive failures: 0/N/A
Consecutive failures: 0/N/A
Consecutive failures: 0/N/A
Generation failed for document 661573: Incomplete or unparsable MCQ content
Consecutive failures: 0/N/A
Consecutive failures: 0/N/A
Generation failed for document 1438465: Incomplete or unparsable MCQ content
Consecutive failures: 0/N/A
Consecutive failures: 0/N/A
Consecutive failures: 0/N/A
Consecutive failures: 0/N/A
Consecutive failures: 0/N/A
Consecutive failures: 0/N/A
Consecutive failures: 0/N/A
Consecutive failures: 0/N/A
Consecutive failures: 0/N/A
Consecutive failures: 0/N/A
Consecutive failures: 0/N/A
Consecutive failures: 0/N/A
Consecutive failures: 0/N/A
Consecutive failures: 0/N/A
Consecutive failures: 0/N/A
Consecutive failures: 0/N/A
Consecutive failures: 0/N/A
Consecutive failures: 0/N/A
Consecutive failures: 0/N/A
Consecutive failures: 0/N/A
Consecutive failures: 0/N/A
Consecutive failures: 0/N/A
Generation failed for document 1448070: Incomplete or unparsable MCQ content
Consecutive failures: 0/N/A
Consecutive failures: 0/N/A
Consecutive failures: 0/N/A
Consecutive failures: 0/N/A
Consecutive failures: 0/N/A
Consecutive failures: 0/N/A
Consecutive failures: 0/N/A
Consecutive failures: 0/N/A
Consecutive failures: 0/N/A
Consecutive failures: 0/N/A
Consecutive failures: 0/N/A
Consecutive failures: 0/N/A
Consecutive failures: 0/N/A
Consecutive failures: 0/N/A
Consecutive failures: 0/N/A
Consecutive failures: 0/N/A
Consecutive failures: 0/N/A
Consecutive failures: 0/N/A
Consecutive failures: 0/N/A
Generation failed for document 1448136: Incomplete or unparsable MCQ content
Consecutive failures: 0/N/A
Consecutive failures: 0/N/A
Consecutive failures: 0/N/A
Consecutive failures: 0/N/A
Consecutive failures: 0/N/A
Consecutive failures: 0/N/A
Generation failed for document 1681449: Incomplete or unparsable MCQ content
Consecutive failures: 0/N/A
Consecutive failures: 0/N/A
Consecutive failures: 0/N/A
Consecutive failures: 0/N/A
Consecutive failures: 0/N/A
Consecutive failures: 0/N/A
Consecutive failures: 0/N/A
Consecutive failures: 0/N/A
Consecutive failures: 0/N/A
Generation failed for document 1782867: Incomplete or unparsable MCQ content
Consecutive failures: 0/N/A
Consecutive failures: 0/N/A
Consecutive failures: 0/N/A
Consecutive failures: 0/N/A
Consecutive failures: 0/N/A
Consecutive failures: 0/N/A
Consecutive failures: 0/N/A
Consecutive failures: 0/N/A
Consecutive failures: 0/N/A
Consecutive failures: 0/N/A
Consecutive failures: 0/N/A
Consecutive failures: 0/N/A
Consecutive failures: 0/N/A
Consecutive failures: 0/N/A
Consecutive failures: 0/N/A
Consecutive failures: 0/N/A
Consecutive failures: 0/N/A
Consecutive failures: 0/N/A
Consecutive failures: 0/N/A
Consecutive failures: 0/N/A
Consecutive failures: 0/N/A
Consecutive failures: 0/N/A
Consecutive failures: 0/N/A
Generation failed for document 1745890: Incomplete or unparsable MCQ content
Consecutive failures: 0/N/A
Consecutive failures: 0/N/A
Consecutive failures: 0/N/A
Consecutive failures: 0/N/A
Consecutive failures: 0/N/A
Generation failed for document 1599797: Incomplete or unparsable MCQ content
Consecutive failures: 0/N/A
Consecutive failures: 0/N/A
Consecutive failures: 0/N/A
Consecutive failures: 0/N/A
Consecutive failures: 0/N/A
Consecutive failures: 0/N/A
Consecutive failures: 0/N/A
Consecutive failures: 0/N/A
Consecutive failures: 0/N/A
Consecutive failures: 0/N/A
Consecutive failures: 0/N/A
Consecutive failures: 0/N/A
Generation failed for document 1075507: Incomplete or unparsable MCQ content
Consecutive failures: 0/N/A
Consecutive failures: 0/N/A
Consecutive failures: 0/N/A
Consecutive failures: 0/N/A
Consecutive failures: 0/N/A
Consecutive failures: 0/N/A
Consecutive failures: 0/N/A
Consecutive failures: 0/N/A
Generation failed for document 1662337: Incomplete or unparsable MCQ content
Consecutive failures: 0/N/A
Consecutive failures: 0/N/A
Consecutive failures: 0/N/A
Generation failed for document 1672454: Incomplete or unparsable MCQ content
Consecutive failures: 0/N/A
Consecutive failures: 0/N/A
Consecutive failures: 0/N/A
Consecutive failures: 0/N/A
Consecutive failures: 0/N/A
Consecutive failures: 0/N/A
Consecutive failures: 0/N/A
Consecutive failures: 0/N/A
Generation failed for document 215795: Incomplete or unparsable MCQ content
Consecutive failures: 0/N/A
Consecutive failures: 0/N/A
Consecutive failures: 0/N/A
Consecutive failures: 0/N/A
Consecutive failures: 0/N/A
Consecutive failures: 0/N/A
Consecutive failures: 0/N/A
Consecutive failures: 0/N/A
Consecutive failures: 0/N/A
Consecutive failures: 0/N/A
Consecutive failures: 0/N/A
Consecutive failures: 0/N/A
Consecutive failures: 0/N/A
Consecutive failures: 0/N/A
Consecutive failures: 0/N/A
Consecutive failures: 0/N/A
Consecutive failures: 0/N/A
Consecutive failures: 0/N/A
Generation failed for document 674135: Incomplete or unparsable MCQ content
Consecutive failures: 0/N/A
Generation failed for document 1149678: Incomplete or unparsable MCQ content
Consecutive failures: 0/N/A
Consecutive failures: 0/N/A
Consecutive failures: 0/N/A
Generation failed for document 281417: Incomplete or unparsable MCQ content
Consecutive failures: 0/N/A
Consecutive failures: 0/N/A
Consecutive failures: 0/N/A
Consecutive failures: 0/N/A
Consecutive failures: 0/N/A
Consecutive failures: 0/N/A
Consecutive failures: 0/N/A
Consecutive failures: 0/N/A
Generation failed for document 853249: Incomplete or unparsable MCQ content
Consecutive failures: 0/N/A
Consecutive failures: 0/N/A
Consecutive failures: 0/N/A
Consecutive failures: 0/N/A
Consecutive failures: 0/N/A
Consecutive failures: 0/N/A
Consecutive failures: 0/N/A
Consecutive failures: 0/N/A
Consecutive failures: 0/N/A
Consecutive failures: 0/N/A
Consecutive failures: 0/N/A
Consecutive failures: 0/N/A
Consecutive failures: 0/N/A
Consecutive failures: 0/N/A
Consecutive failures: 0/N/A
Generation failed for document 1414363: Incomplete or unparsable MCQ content
Consecutive failures: 0/N/A
Consecutive failures: 0/N/A
Consecutive failures: 0/N/A
Consecutive failures: 0/N/A
Consecutive failures: 0/N/A
Consecutive failures: 0/N/A
Consecutive failures: 0/N/A
Consecutive failures: 0/N/A
Consecutive failures: 0/N/A
Consecutive failures: 0/N/A
Generation failed for document 1596892: Incomplete or unparsable MCQ content
Consecutive failures: 0/N/A
Consecutive failures: 0/N/A
Consecutive failures: 0/N/A
Consecutive failures: 0/N/A
Consecutive failures: 0/N/A
Consecutive failures: 0/N/A
Consecutive failures: 0/N/A
Consecutive failures: 0/N/A
Consecutive failures: 0/N/A
Consecutive failures: 0/N/A
Consecutive failures: 0/N/A
Consecutive failures: 0/N/A
Consecutive failures: 0/N/A
Consecutive failures: 0/N/A
Consecutive failures: 0/N/A
Consecutive failures: 0/N/A
Consecutive failures: 0/N/A
Consecutive failures: 0/N/A
Consecutive failures: 0/N/A
Consecutive failures: 0/N/A
Consecutive failures: 0/N/A
Consecutive failures: 0/N/A
Consecutive failures: 0/N/A
Consecutive failures: 0/N/A
Consecutive failures: 0/N/A
Consecutive failures: 0/N/A
Consecutive failures: 0/N/A
Generation failed for document 798792: Incomplete or unparsable MCQ content
Consecutive failures: 0/N/A
Consecutive failures: 0/N/A
Consecutive failures: 0/N/A
Consecutive failures: 0/N/A
Generation failed for document 459262: Incomplete or unparsable MCQ content
Consecutive failures: 0/N/A
Consecutive failures: 0/N/A
Consecutive failures: 0/N/A
Consecutive failures: 0/N/A
Generation failed for document 410433: Incomplete or unparsable MCQ content
Consecutive failures: 0/N/A
Consecutive failures: 0/N/A
Consecutive failures: 0/N/A
Consecutive failures: 0/N/A
Consecutive failures: 0/N/A
Consecutive failures: 0/N/A
Consecutive failures: 0/N/A
Consecutive failures: 0/N/A
Consecutive failures: 0/N/A
Consecutive failures: 0/N/A
Consecutive failures: 0/N/A
Consecutive failures: 0/N/A
Consecutive failures: 0/N/A
Consecutive failures: 0/N/A
Consecutive failures: 0/N/A
Consecutive failures: 0/N/A
Consecutive failures: 0/N/A
Consecutive failures: 0/N/A
Consecutive failures: 0/N/A
Consecutive failures: 0/N/A
Consecutive failures: 0/N/A
Consecutive failures: 0/N/A
Generation failed for document 345912: Incomplete or unparsable MCQ content
Consecutive failures: 0/N/A
Generation failed for document 1600656: Incomplete or unparsable MCQ content
Consecutive failures: 0/N/A
Consecutive failures: 0/N/A
Consecutive failures: 0/N/A
Consecutive failures: 0/N/A
Consecutive failures: 0/N/A
Consecutive failures: 0/N/A
Consecutive failures: 0/N/A
Consecutive failures: 0/N/A
Consecutive failures: 0/N/A
Consecutive failures: 0/N/A
Consecutive failures: 0/N/A
Consecutive failures: 0/N/A
Consecutive failures: 0/N/A
Consecutive failures: 0/N/A
Consecutive failures: 0/N/A
Generation failed for document 1053186: Incomplete or unparsable MCQ content
Consecutive failures: 0/N/A
Consecutive failures: 0/N/A
Consecutive failures: 0/N/A
Consecutive failures: 0/N/A
Consecutive failures: 0/N/A
Consecutive failures: 0/N/A
Generation failed for document 89507: Incomplete or unparsable MCQ content
Consecutive failures: 0/N/A
Consecutive failures: 0/N/A
Consecutive failures: 0/N/A
Consecutive failures: 0/N/A
Consecutive failures: 0/N/A
Consecutive failures: 0/N/A
Consecutive failures: 0/N/A
Consecutive failures: 0/N/A
Consecutive failures: 0/N/A
Consecutive failures: 0/N/A
Consecutive failures: 0/N/A
Consecutive failures: 0/N/A
Consecutive failures: 0/N/A
Consecutive failures: 0/N/A
Consecutive failures: 0/N/A
Consecutive failures: 0/N/A
Consecutive failures: 0/N/A
Consecutive failures: 0/N/A
Consecutive failures: 0/N/A
Consecutive failures: 0/N/A
Consecutive failures: 0/N/A
Consecutive failures: 0/N/A
Consecutive failures: 0/N/A
Generation failed for document 341744: Incomplete or unparsable MCQ content
Consecutive failures: 0/N/A
Consecutive failures: 0/N/A
Consecutive failures: 0/N/A
Consecutive failures: 0/N/A
Generation failed for document 504099: Incomplete or unparsable MCQ content
Consecutive failures: 0/N/A
Consecutive failures: 0/N/A
Consecutive failures: 0/N/A
Consecutive failures: 0/N/A
Consecutive failures: 0/N/A
Consecutive failures: 0/N/A
Consecutive failures: 0/N/A
Consecutive failures: 0/N/A
Consecutive failures: 0/N/A
Consecutive failures: 0/N/A
Consecutive failures: 0/N/A
Consecutive failures: 0/N/A
Consecutive failures: 0/N/A
Consecutive failures: 0/N/A
Consecutive failures: 0/N/A
Consecutive failures: 0/N/A
Consecutive failures: 0/N/A
Consecutive failures: 0/N/A
Consecutive failures: 0/N/A
Consecutive failures: 0/N/A
Consecutive failures: 0/N/A
Generation failed for document 1671087: Incomplete or unparsable MCQ content
Consecutive failures: 0/N/A
Consecutive failures: 0/N/A
Consecutive failures: 0/N/A
Consecutive failures: 0/N/A
Generation failed for document 1978207: Incomplete or unparsable MCQ content
Consecutive failures: 0/N/A
Consecutive failures: 0/N/A
Consecutive failures: 0/N/A
Consecutive failures: 0/N/A
Consecutive failures: 0/N/A
Consecutive failures: 0/N/A
Consecutive failures: 0/N/A
Generation failed for document 1262882: Incomplete or unparsable MCQ content
Consecutive failures: 0/N/A
Consecutive failures: 0/N/A
Consecutive failures: 0/N/A
Generation failed for document 215815: Incomplete or unparsable MCQ content
Consecutive failures: 0/N/A
Consecutive failures: 0/N/A
Consecutive failures: 0/N/A
Consecutive failures: 0/N/A
Generation failed for document 718425: Incomplete or unparsable MCQ content
Consecutive failures: 0/N/A
Consecutive failures: 0/N/A
Consecutive failures: 0/N/A
Consecutive failures: 0/N/A
Consecutive failures: 0/N/A
Consecutive failures: 0/N/A
Consecutive failures: 0/N/A
Consecutive failures: 0/N/A
Consecutive failures: 0/N/A
Consecutive failures: 0/N/A
Consecutive failures: 0/N/A
Generation failed for document 643613: Incomplete or unparsable MCQ content
Consecutive failures: 0/N/A
Consecutive failures: 0/N/A
Consecutive failures: 0/N/A
Consecutive failures: 0/N/A
Consecutive failures: 0/N/A
Consecutive failures: 0/N/A
Consecutive failures: 0/N/A
Consecutive failures: 0/N/A
Consecutive failures: 0/N/A
Consecutive failures: 0/N/A
Consecutive failures: 0/N/A
Consecutive failures: 0/N/A
Consecutive failures: 0/N/A
Consecutive failures: 0/N/A
Consecutive failures: 0/N/A
Consecutive failures: 0/N/A
Consecutive failures: 0/N/A
Consecutive failures: 0/N/A
Consecutive failures: 0/N/A
Consecutive failures: 0/N/A
Consecutive failures: 0/N/A
Consecutive failures: 0/N/A
Consecutive failures: 0/N/A
Consecutive failures: 0/N/A
Consecutive failures: 0/N/A
Consecutive failures: 0/N/A
Consecutive failures: 0/N/A
Consecutive failures: 0/N/A
Consecutive failures: 0/N/A
Consecutive failures: 0/N/A
Consecutive failures: 0/N/A
Generation failed for document 1414815: Incomplete or unparsable MCQ content
Consecutive failures: 0/N/A
Consecutive failures: 0/N/A
Consecutive failures: 0/N/A
Consecutive failures: 0/N/A
Generation failed for document 1298869: Incomplete or unparsable MCQ content
Consecutive failures: 0/N/A
Consecutive failures: 0/N/A
Consecutive failures: 0/N/A
Consecutive failures: 0/N/A
Consecutive failures: 0/N/A
Consecutive failures: 0/N/A
Consecutive failures: 0/N/A
Consecutive failures: 0/N/A
Consecutive failures: 0/N/A
Consecutive failures: 0/N/A
Consecutive failures: 0/N/A
Consecutive failures: 0/N/A
Generation failed for document 311396: Incomplete or unparsable MCQ content
Consecutive failures: 0/N/A
Consecutive failures: 0/N/A
Consecutive failures: 0/N/A
Consecutive failures: 0/N/A
Consecutive failures: 0/N/A
Consecutive failures: 0/N/A
Consecutive failures: 0/N/A
Consecutive failures: 0/N/A
Consecutive failures: 0/N/A
Consecutive failures: 0/N/A
Consecutive failures: 0/N/A
Consecutive failures: 0/N/A
Consecutive failures: 0/N/A
Consecutive failures: 0/N/A
Consecutive failures: 0/N/A
Consecutive failures: 0/N/A
Consecutive failures: 0/N/A
Consecutive failures: 0/N/A
Consecutive failures: 0/N/A
Consecutive failures: 0/N/A
Consecutive failures: 0/N/A
Consecutive failures: 0/N/A
Consecutive failures: 0/N/A
Consecutive failures: 0/N/A
Consecutive failures: 0/N/A
Consecutive failures: 0/N/A
Consecutive failures: 0/N/A
Consecutive failures: 0/N/A
Consecutive failures: 0/N/A
Generation failed for document 1595938: Incomplete or unparsable MCQ content
Consecutive failures: 0/N/A
Generation failed for document 549848: Incomplete or unparsable MCQ content
Consecutive failures: 0/N/A
Consecutive failures: 0/N/A
Consecutive failures: 0/N/A
Consecutive failures: 0/N/A
Consecutive failures: 0/N/A
Consecutive failures: 0/N/A
Consecutive failures: 0/N/A
Consecutive failures: 0/N/A
Consecutive failures: 0/N/A
Consecutive failures: 0/N/A
Generation failed for document 833803: Incomplete or unparsable MCQ content
Consecutive failures: 0/N/A
Consecutive failures: 0/N/A
Consecutive failures: 0/N/A
Consecutive failures: 0/N/A
Consecutive failures: 0/N/A
Consecutive failures: 0/N/A
Consecutive failures: 0/N/A
Consecutive failures: 0/N/A
Consecutive failures: 0/N/A
Consecutive failures: 0/N/A
Consecutive failures: 0/N/A
Consecutive failures: 0/N/A
Generation failed for document 1424404: Incomplete or unparsable MCQ content
Consecutive failures: 0/N/A
Consecutive failures: 0/N/A
Consecutive failures: 0/N/A
Consecutive failures: 0/N/A
Consecutive failures: 0/N/A
Consecutive failures: 0/N/A
Consecutive failures: 0/N/A
Consecutive failures: 0/N/A
Consecutive failures: 0/N/A
Generation failed for document 1325613: Incomplete or unparsable MCQ content
Consecutive failures: 0/N/A
Consecutive failures: 0/N/A
Consecutive failures: 0/N/A
Consecutive failures: 0/N/A
Consecutive failures: 0/N/A
Consecutive failures: 0/N/A
Consecutive failures: 0/N/A
Consecutive failures: 0/N/A
Generation failed for document 743610: Incomplete or unparsable MCQ content
Consecutive failures: 0/N/A
Consecutive failures: 0/N/A
Consecutive failures: 0/N/A
Consecutive failures: 0/N/A
Consecutive failures: 0/N/A
Consecutive failures: 0/N/A
Consecutive failures: 0/N/A
Consecutive failures: 0/N/A
Consecutive failures: 0/N/A
Consecutive failures: 0/N/A
Consecutive failures: 0/N/A
Consecutive failures: 0/N/A
Consecutive failures: 0/N/A
Consecutive failures: 0/N/A
Consecutive failures: 0/N/A
Consecutive failures: 0/N/A
Consecutive failures: 0/N/A
Consecutive failures: 0/N/A
Consecutive failures: 0/N/A
Generation failed for document 285278: Incomplete or unparsable MCQ content
Consecutive failures: 0/N/A
Generation failed for document 726456: Incomplete or unparsable MCQ content
Consecutive failures: 0/N/A
Consecutive failures: 0/N/A
Consecutive failures: 0/N/A
Generation failed for document 2135913: Incomplete or unparsable MCQ content
Consecutive failures: 0/N/A
Generation failed for document 1046737: Incomplete or unparsable MCQ content
Consecutive failures: 0/N/A
Consecutive failures: 0/N/A
Consecutive failures: 0/N/A
Generation failed for document 342030: Incomplete or unparsable MCQ content
Consecutive failures: 0/N/A
Consecutive failures: 0/N/A
Consecutive failures: 0/N/A
Consecutive failures: 0/N/A
Consecutive failures: 0/N/A
Consecutive failures: 0/N/A
Consecutive failures: 0/N/A
Consecutive failures: 0/N/A
Consecutive failures: 0/N/A
Generation failed for document 1970542: Incomplete or unparsable MCQ content
Consecutive failures: 0/N/A
Consecutive failures: 0/N/A
Consecutive failures: 0/N/A
Consecutive failures: 0/N/A
Consecutive failures: 0/N/A
Consecutive failures: 0/N/A
Generation failed for document 1218268: Incomplete or unparsable MCQ content
Consecutive failures: 0/N/A
Consecutive failures: 0/N/A
Consecutive failures: 0/N/A
Consecutive failures: 0/N/A
Generation failed for document 74791: Incomplete or unparsable MCQ content
Consecutive failures: 0/N/A
Consecutive failures: 0/N/A
Generation failed for document 4410: Incomplete or unparsable MCQ content
Consecutive failures: 0/N/A
Consecutive failures: 0/N/A
Consecutive failures: 0/N/A
Consecutive failures: 0/N/A
Consecutive failures: 0/N/A
Consecutive failures: 0/N/A
Consecutive failures: 0/N/A
Consecutive failures: 0/N/A
Consecutive failures: 0/N/A
Consecutive failures: 0/N/A
Consecutive failures: 0/N/A
Consecutive failures: 0/N/A
Consecutive failures: 0/N/A
Consecutive failures: 0/N/A
Consecutive failures: 0/N/A
Consecutive failures: 0/N/A
Consecutive failures: 0/N/A
Consecutive failures: 0/N/A
Consecutive failures: 0/N/A
Generation failed for document 315387: Incomplete or unparsable MCQ content
Consecutive failures: 0/N/A
Consecutive failures: 0/N/A
Consecutive failures: 0/N/A
Consecutive failures: 0/N/A
Consecutive failures: 0/N/A
Consecutive failures: 0/N/A
Consecutive failures: 0/N/A
Consecutive failures: 0/N/A
Consecutive failures: 0/N/A
Consecutive failures: 0/N/A
Consecutive failures: 0/N/A
Consecutive failures: 0/N/A
Consecutive failures: 0/N/A
Consecutive failures: 0/N/A
Consecutive failures: 0/N/A
Consecutive failures: 0/N/A
Consecutive failures: 0/N/A
Consecutive failures: 0/N/A
Consecutive failures: 0/N/A
Consecutive failures: 0/N/A
Consecutive failures: 0/N/A
Consecutive failures: 0/N/A
Consecutive failures: 0/N/A
Consecutive failures: 0/N/A
Consecutive failures: 0/N/A
Consecutive failures: 0/N/A
Consecutive failures: 0/N/A
Consecutive failures: 0/N/A
Consecutive failures: 0/N/A
Generation failed for document 1659413: Incomplete or unparsable MCQ content
Consecutive failures: 0/N/A
Generation failed for document 750368: Incomplete or unparsable MCQ content
Consecutive failures: 0/N/A
Consecutive failures: 0/N/A
Consecutive failures: 0/N/A
Consecutive failures: 0/N/A
Consecutive failures: 0/N/A
Consecutive failures: 0/N/A
Consecutive failures: 0/N/A
Consecutive failures: 0/N/A
Consecutive failures: 0/N/A
Consecutive failures: 0/N/A
Consecutive failures: 0/N/A
Consecutive failures: 0/N/A
Consecutive failures: 0/N/A
Consecutive failures: 0/N/A
Consecutive failures: 0/N/A
Consecutive failures: 0/N/A
Consecutive failures: 0/N/A
Consecutive failures: 0/N/A
Generation failed for document 313986: Incomplete or unparsable MCQ content
Consecutive failures: 0/N/A
Consecutive failures: 0/N/A
Generation failed for document 1772359: Incomplete or unparsable MCQ content
Consecutive failures: 0/N/A
Consecutive failures: 0/N/A
Consecutive failures: 0/N/A
Consecutive failures: 0/N/A
Consecutive failures: 0/N/A
Consecutive failures: 0/N/A
Consecutive failures: 0/N/A
Consecutive failures: 0/N/A
Consecutive failures: 0/N/A
Consecutive failures: 0/N/A
Consecutive failures: 0/N/A
Consecutive failures: 0/N/A
Consecutive failures: 0/N/A
Consecutive failures: 0/N/A
Consecutive failures: 0/N/A
Consecutive failures: 0/N/A
Consecutive failures: 0/N/A
Consecutive failures: 0/N/A
Consecutive failures: 0/N/A
Consecutive failures: 0/N/A
Consecutive failures: 0/N/A
Consecutive failures: 0/N/A
Generation failed for document 217151: Incomplete or unparsable MCQ content
Consecutive failures: 0/N/A
Consecutive failures: 0/N/A
Consecutive failures: 0/N/A
Consecutive failures: 0/N/A
Generation failed for document 483867: Incomplete or unparsable MCQ content
Consecutive failures: 0/N/A
Consecutive failures: 0/N/A
Consecutive failures: 0/N/A
Consecutive failures: 0/N/A
Generation failed for document 185953: Incomplete or unparsable MCQ content
Consecutive failures: 0/N/A
Consecutive failures: 0/N/A
Generation failed for document 1626079: Incomplete or unparsable MCQ content
Consecutive failures: 0/N/A
Consecutive failures: 0/N/A
Consecutive failures: 0/N/A
Consecutive failures: 0/N/A
Consecutive failures: 0/N/A
Generation failed for document 544479: Incomplete or unparsable MCQ content
Consecutive failures: 0/N/A
Consecutive failures: 0/N/A
Consecutive failures: 0/N/A
Consecutive failures: 0/N/A
Generation failed for document 786030: Incomplete or unparsable MCQ content
Consecutive failures: 0/N/A
Consecutive failures: 0/N/A
Consecutive failures: 0/N/A
Consecutive failures: 0/N/A
Consecutive failures: 0/N/A
Consecutive failures: 0/N/A
Consecutive failures: 0/N/A
Consecutive failures: 0/N/A
Consecutive failures: 0/N/A
Consecutive failures: 0/N/A
Consecutive failures: 0/N/A
Consecutive failures: 0/N/A
Consecutive failures: 0/N/A
Consecutive failures: 0/N/A
Consecutive failures: 0/N/A
Consecutive failures: 0/N/A
Consecutive failures: 0/N/A
Consecutive failures: 0/N/A
Consecutive failures: 0/N/A
Consecutive failures: 0/N/A
Consecutive failures: 0/N/A
Consecutive failures: 0/N/A
Generation failed for document 916086: Incomplete or unparsable MCQ content
Consecutive failures: 0/N/A
Consecutive failures: 0/N/A
Generation failed for document 1195520: Incomplete or unparsable MCQ content
Consecutive failures: 0/N/A
Consecutive failures: 0/N/A
Consecutive failures: 0/N/A
Consecutive failures: 0/N/A
Consecutive failures: 0/N/A
Consecutive failures: 0/N/A
Consecutive failures: 0/N/A
Consecutive failures: 0/N/A
Consecutive failures: 0/N/A
Consecutive failures: 0/N/A
Consecutive failures: 0/N/A
Consecutive failures: 0/N/A
Consecutive failures: 0/N/A
Consecutive failures: 0/N/A
Consecutive failures: 0/N/A
Consecutive failures: 0/N/A
Consecutive failures: 0/N/A
Consecutive failures: 0/N/A
Consecutive failures: 0/N/A
Consecutive failures: 0/N/A
Consecutive failures: 0/N/A
Consecutive failures: 0/N/A
Consecutive failures: 0/N/A
Consecutive failures: 0/N/A
Consecutive failures: 0/N/A
Consecutive failures: 0/N/A
Generation failed for document 938509: Incomplete or unparsable MCQ content
Consecutive failures: 0/N/A
Consecutive failures: 0/N/A
Consecutive failures: 0/N/A
Consecutive failures: 0/N/A
Consecutive failures: 0/N/A
Consecutive failures: 0/N/A
Consecutive failures: 0/N/A
Consecutive failures: 0/N/A
Consecutive failures: 0/N/A
Consecutive failures: 0/N/A
Generation failed for document 1595670: Incomplete or unparsable MCQ content
Consecutive failures: 0/N/A
Consecutive failures: 0/N/A
Consecutive failures: 0/N/A
Consecutive failures: 0/N/A
Consecutive failures: 0/N/A
Consecutive failures: 0/N/A
Consecutive failures: 0/N/A
Consecutive failures: 0/N/A
Consecutive failures: 0/N/A
Consecutive failures: 0/N/A
Consecutive failures: 0/N/A
Consecutive failures: 0/N/A
Consecutive failures: 0/N/A
Consecutive failures: 0/N/A
Consecutive failures: 0/N/A
Consecutive failures: 0/N/A
Consecutive failures: 0/N/A
Consecutive failures: 0/N/A
Consecutive failures: 0/N/A
Consecutive failures: 0/N/A
Generation failed for document 215632: Incomplete or unparsable MCQ content
Consecutive failures: 0/N/A
Generation failed for document 827255: Incomplete or unparsable MCQ content
Consecutive failures: 0/N/A
Consecutive failures: 0/N/A
Consecutive failures: 0/N/A
Consecutive failures: 0/N/A
Consecutive failures: 0/N/A
Consecutive failures: 0/N/A
Consecutive failures: 0/N/A
Consecutive failures: 0/N/A
Consecutive failures: 0/N/A
Consecutive failures: 0/N/A
Consecutive failures: 0/N/A
Consecutive failures: 0/N/A
Consecutive failures: 0/N/A
Consecutive failures: 0/N/A
Consecutive failures: 0/N/A
Generation failed for document 126351: Incomplete or unparsable MCQ content
Consecutive failures: 0/N/A
Consecutive failures: 0/N/A
Consecutive failures: 0/N/A
Consecutive failures: 0/N/A
Consecutive failures: 0/N/A
Consecutive failures: 0/N/A
Consecutive failures: 0/N/A
Consecutive failures: 0/N/A
Consecutive failures: 0/N/A
Consecutive failures: 0/N/A
Generation failed for document 2038343: Incomplete or unparsable MCQ content
Consecutive failures: 0/N/A
Consecutive failures: 0/N/A
Consecutive failures: 0/N/A
Consecutive failures: 0/N/A
Consecutive failures: 0/N/A
Consecutive failures: 0/N/A
Consecutive failures: 0/N/A
Consecutive failures: 0/N/A
Consecutive failures: 0/N/A
Consecutive failures: 0/N/A
Consecutive failures: 0/N/A
Consecutive failures: 0/N/A
Consecutive failures: 0/N/A
Generation failed for document 206181: Incomplete or unparsable MCQ content
Consecutive failures: 0/N/A
Consecutive failures: 0/N/A
Consecutive failures: 0/N/A
Consecutive failures: 0/N/A
Consecutive failures: 0/N/A
Consecutive failures: 0/N/A
Consecutive failures: 0/N/A
Consecutive failures: 0/N/A
Consecutive failures: 0/N/A
Consecutive failures: 0/N/A
Consecutive failures: 0/N/A
Consecutive failures: 0/N/A
Consecutive failures: 0/N/A
Consecutive failures: 0/N/A
Consecutive failures: 0/N/A
Consecutive failures: 0/N/A
Consecutive failures: 0/N/A
Consecutive failures: 0/N/A
Consecutive failures: 0/N/A
Consecutive failures: 0/N/A
Consecutive failures: 0/N/A
Consecutive failures: 0/N/A
Consecutive failures: 0/N/A
Consecutive failures: 0/N/A
Consecutive failures: 0/N/A
Generation failed for document 1111835: Incomplete or unparsable MCQ content
Consecutive failures: 0/N/A
Consecutive failures: 0/N/A
Consecutive failures: 0/N/A
Generation failed for document 282253: Incomplete or unparsable MCQ content
Consecutive failures: 0/N/A
Consecutive failures: 0/N/A
Consecutive failures: 0/N/A
Consecutive failures: 0/N/A
Consecutive failures: 0/N/A
Consecutive failures: 0/N/A
Consecutive failures: 0/N/A
Consecutive failures: 0/N/A
Generation failed for document 1424690: Incomplete or unparsable MCQ content
Consecutive failures: 0/N/A
Consecutive failures: 0/N/A
Consecutive failures: 0/N/A
Consecutive failures: 0/N/A
Consecutive failures: 0/N/A
Generation failed for document 1245344: Incomplete or unparsable MCQ content
Consecutive failures: 0/N/A
Consecutive failures: 0/N/A
Consecutive failures: 0/N/A
Consecutive failures: 0/N/A
Consecutive failures: 0/N/A
Consecutive failures: 0/N/A
Consecutive failures: 0/N/A
Consecutive failures: 0/N/A
Generation failed for document 2124090: Incomplete or unparsable MCQ content
Consecutive failures: 0/N/A
Consecutive failures: 0/N/A
Consecutive failures: 0/N/A
Consecutive failures: 0/N/A
Consecutive failures: 0/N/A
Consecutive failures: 0/N/A
Consecutive failures: 0/N/A
Generation failed for document 1497709: Incomplete or unparsable MCQ content
Consecutive failures: 0/N/A
Consecutive failures: 0/N/A
Consecutive failures: 0/N/A
Consecutive failures: 0/N/A
Consecutive failures: 0/N/A
Generation failed for document 1719878: Incomplete or unparsable MCQ content
Consecutive failures: 0/N/A
Consecutive failures: 0/N/A
Consecutive failures: 0/N/A
Consecutive failures: 0/N/A
Consecutive failures: 0/N/A
Consecutive failures: 0/N/A
Consecutive failures: 0/N/A
Consecutive failures: 0/N/A
Consecutive failures: 0/N/A
Consecutive failures: 0/N/A
Consecutive failures: 0/N/A
Generation failed for document 1672415: Incomplete or unparsable MCQ content
Consecutive failures: 0/N/A
Consecutive failures: 0/N/A
Consecutive failures: 0/N/A
Consecutive failures: 0/N/A
Consecutive failures: 0/N/A
Generation failed for document 1300598: Incomplete or unparsable MCQ content
Consecutive failures: 0/N/A
Consecutive failures: 0/N/A
Consecutive failures: 0/N/A
Consecutive failures: 0/N/A
Consecutive failures: 0/N/A
Consecutive failures: 0/N/A
Consecutive failures: 0/N/A
Consecutive failures: 0/N/A
Consecutive failures: 0/N/A
Consecutive failures: 0/N/A
Consecutive failures: 0/N/A
Consecutive failures: 0/N/A
Consecutive failures: 0/N/A
Consecutive failures: 0/N/A
Consecutive failures: 0/N/A
Consecutive failures: 0/N/A
Consecutive failures: 0/N/A
Consecutive failures: 0/N/A
Consecutive failures: 0/N/A
Consecutive failures: 0/N/A
Consecutive failures: 0/N/A
Consecutive failures: 0/N/A
Consecutive failures: 0/N/A
Consecutive failures: 0/N/A
Consecutive failures: 0/N/A
Consecutive failures: 0/N/A
Consecutive failures: 0/N/A
Generation failed for document 43702: Incomplete or unparsable MCQ content
Consecutive failures: 0/N/A
Consecutive failures: 0/N/A
Consecutive failures: 0/N/A
Consecutive failures: 0/N/A
Consecutive failures: 0/N/A
Consecutive failures: 0/N/A
Consecutive failures: 0/N/A
Consecutive failures: 0/N/A
Consecutive failures: 0/N/A
Consecutive failures: 0/N/A
Consecutive failures: 0/N/A
Consecutive failures: 0/N/A
Consecutive failures: 0/N/A
Consecutive failures: 0/N/A
Consecutive failures: 0/N/A
Consecutive failures: 0/N/A
Consecutive failures: 0/N/A
Consecutive failures: 0/N/A
Consecutive failures: 0/N/A
Consecutive failures: 0/N/A
Consecutive failures: 0/N/A
Consecutive failures: 0/N/A
Consecutive failures: 0/N/A
Consecutive failures: 0/N/A
Consecutive failures: 0/N/A
Consecutive failures: 0/N/A
Consecutive failures: 0/N/A
Consecutive failures: 0/N/A
Consecutive failures: 0/N/A
Consecutive failures: 0/N/A
Consecutive failures: 0/N/A
Consecutive failures: 0/N/A
Consecutive failures: 0/N/A
Consecutive failures: 0/N/A
Generation failed for document 1704671: Incomplete or unparsable MCQ content
Consecutive failures: 0/N/A
Consecutive failures: 0/N/A
Consecutive failures: 0/N/A
Consecutive failures: 0/N/A
Consecutive failures: 0/N/A
Consecutive failures: 0/N/A
Consecutive failures: 0/N/A
Consecutive failures: 0/N/A
Consecutive failures: 0/N/A
Consecutive failures: 0/N/A
Consecutive failures: 0/N/A
Consecutive failures: 0/N/A
Consecutive failures: 0/N/A
Consecutive failures: 0/N/A
Consecutive failures: 0/N/A
Consecutive failures: 0/N/A
Consecutive failures: 0/N/A
Consecutive failures: 0/N/A
Consecutive failures: 0/N/A
Consecutive failures: 0/N/A
Consecutive failures: 0/N/A
Consecutive failures: 0/N/A
Consecutive failures: 0/N/A
Consecutive failures: 0/N/A
Consecutive failures: 0/N/A
Consecutive failures: 0/N/A
Consecutive failures: 0/N/A
Consecutive failures: 0/N/A
Consecutive failures: 0/N/A
Consecutive failures: 0/N/A
Generation failed for document 1807624: Incomplete or unparsable MCQ content
Consecutive failures: 0/N/A
Consecutive failures: 0/N/A
Consecutive failures: 0/N/A
Consecutive failures: 0/N/A
Consecutive failures: 0/N/A
Consecutive failures: 0/N/A
Consecutive failures: 0/N/A
Consecutive failures: 0/N/A
Consecutive failures: 0/N/A
Consecutive failures: 0/N/A
Consecutive failures: 0/N/A
Consecutive failures: 0/N/A
Consecutive failures: 0/N/A
Consecutive failures: 0/N/A
Generation failed for document 483469: Incomplete or unparsable MCQ content
Consecutive failures: 0/N/A
Consecutive failures: 0/N/A
Consecutive failures: 0/N/A
Consecutive failures: 0/N/A
Consecutive failures: 0/N/A
Consecutive failures: 0/N/A
Consecutive failures: 0/N/A
Consecutive failures: 0/N/A
Consecutive failures: 0/N/A
Generation failed for document 1662431: Incomplete or unparsable MCQ content
Consecutive failures: 0/N/A
Consecutive failures: 0/N/A
Consecutive failures: 0/N/A
Consecutive failures: 0/N/A
Consecutive failures: 0/N/A
Consecutive failures: 0/N/A
Consecutive failures: 0/N/A
Consecutive failures: 0/N/A
Consecutive failures: 0/N/A
Consecutive failures: 0/N/A
Consecutive failures: 0/N/A
Consecutive failures: 0/N/A
Consecutive failures: 0/N/A
Consecutive failures: 0/N/A
Consecutive failures: 0/N/A
Consecutive failures: 0/N/A
Consecutive failures: 0/N/A
Consecutive failures: 0/N/A
Consecutive failures: 0/N/A
Consecutive failures: 0/N/A
Consecutive failures: 0/N/A
Generation failed for document 312713: Incomplete or unparsable MCQ content
Consecutive failures: 0/N/A
Consecutive failures: 0/N/A
Consecutive failures: 0/N/A
Consecutive failures: 0/N/A
Consecutive failures: 0/N/A
Consecutive failures: 0/N/A
Consecutive failures: 0/N/A
Consecutive failures: 0/N/A
Consecutive failures: 0/N/A
Consecutive failures: 0/N/A
Consecutive failures: 0/N/A
Consecutive failures: 0/N/A
Consecutive failures: 0/N/A
Consecutive failures: 0/N/A
Consecutive failures: 0/N/A
Generation failed for document 800321: Incomplete or unparsable MCQ content
Consecutive failures: 0/N/A
Consecutive failures: 0/N/A
Consecutive failures: 0/N/A
Consecutive failures: 0/N/A
Consecutive failures: 0/N/A
Consecutive failures: 0/N/A
Consecutive failures: 0/N/A
Generation failed for document 203091: Incomplete or unparsable MCQ content
Consecutive failures: 0/N/A
Consecutive failures: 0/N/A
Consecutive failures: 0/N/A
Consecutive failures: 0/N/A
Consecutive failures: 0/N/A
Consecutive failures: 0/N/A
Consecutive failures: 0/N/A
Consecutive failures: 0/N/A
Consecutive failures: 0/N/A
Consecutive failures: 0/N/A
Consecutive failures: 0/N/A
Consecutive failures: 0/N/A
Consecutive failures: 0/N/A
Consecutive failures: 0/N/A
Consecutive failures: 0/N/A
Consecutive failures: 0/N/A
Consecutive failures: 0/N/A
Consecutive failures: 0/N/A
Consecutive failures: 0/N/A
Consecutive failures: 0/N/A
Consecutive failures: 0/N/A
Consecutive failures: 0/N/A
Consecutive failures: 0/N/A
Consecutive failures: 0/N/A
Consecutive failures: 0/N/A
Consecutive failures: 0/N/A
Consecutive failures: 0/N/A
Consecutive failures: 0/N/A
Consecutive failures: 0/N/A
Consecutive failures: 0/N/A
Consecutive failures: 0/N/A
Consecutive failures: 0/N/A
Consecutive failures: 0/N/A
Consecutive failures: 0/N/A
Consecutive failures: 0/N/A
Generation failed for document 1866017: Incomplete or unparsable MCQ content
Consecutive failures: 0/N/A
Consecutive failures: 0/N/A
Consecutive failures: 0/N/A
Consecutive failures: 0/N/A
Consecutive failures: 0/N/A
Consecutive failures: 0/N/A
Consecutive failures: 0/N/A
Consecutive failures: 0/N/A
Consecutive failures: 0/N/A
Consecutive failures: 0/N/A
Consecutive failures: 0/N/A
Consecutive failures: 0/N/A
Consecutive failures: 0/N/A
Consecutive failures: 0/N/A
Consecutive failures: 0/N/A
Consecutive failures: 0/N/A
Consecutive failures: 0/N/A
Consecutive failures: 0/N/A
Consecutive failures: 0/N/A
Consecutive failures: 0/N/A
Consecutive failures: 0/N/A
Consecutive failures: 0/N/A
Generation failed for document 1156697: Incomplete or unparsable MCQ content
Consecutive failures: 0/N/A
Consecutive failures: 0/N/A
Consecutive failures: 0/N/A
Consecutive failures: 0/N/A
Consecutive failures: 0/N/A
Consecutive failures: 0/N/A
Consecutive failures: 0/N/A
Consecutive failures: 0/N/A
Consecutive failures: 0/N/A
Generation failed for document 2036010: Incomplete or unparsable MCQ content
Consecutive failures: 0/N/A
Consecutive failures: 0/N/A
Consecutive failures: 0/N/A
Consecutive failures: 0/N/A
Consecutive failures: 0/N/A
Consecutive failures: 0/N/A
Consecutive failures: 0/N/A
Consecutive failures: 0/N/A
Consecutive failures: 0/N/A
Consecutive failures: 0/N/A
Consecutive failures: 0/N/A
Generation failed for document 1021061: Incomplete or unparsable MCQ content
Consecutive failures: 0/N/A
Generation failed for document 1906888: Incomplete or unparsable MCQ content
Consecutive failures: 0/N/A
Consecutive failures: 0/N/A
Consecutive failures: 0/N/A
Consecutive failures: 0/N/A
Generation failed for document 1544202: Incomplete or unparsable MCQ content
Consecutive failures: 0/N/A
Consecutive failures: 0/N/A
Consecutive failures: 0/N/A
Consecutive failures: 0/N/A
Consecutive failures: 0/N/A
Consecutive failures: 0/N/A
Consecutive failures: 0/N/A
Consecutive failures: 0/N/A
Generation failed for document 70898: Incomplete or unparsable MCQ content
Consecutive failures: 0/N/A
Consecutive failures: 0/N/A
Consecutive failures: 0/N/A
Consecutive failures: 0/N/A
Generation failed for document 1204231: Incomplete or unparsable MCQ content
Consecutive failures: 0/N/A
Consecutive failures: 0/N/A
Consecutive failures: 0/N/A
Consecutive failures: 0/N/A
Consecutive failures: 0/N/A
Consecutive failures: 0/N/A
Generation failed for document 1104681: Incomplete or unparsable MCQ content
Consecutive failures: 0/N/A
Generation failed for document 949522: Incomplete or unparsable MCQ content
Consecutive failures: 0/N/A
Consecutive failures: 0/N/A
Generation failed for document 446103: Incomplete or unparsable MCQ content
Consecutive failures: 0/N/A
Consecutive failures: 0/N/A
Consecutive failures: 0/N/A
Consecutive failures: 0/N/A
Consecutive failures: 0/N/A
Consecutive failures: 0/N/A
Consecutive failures: 0/N/A
Consecutive failures: 0/N/A
Consecutive failures: 0/N/A
Consecutive failures: 0/N/A
Consecutive failures: 0/N/A
Consecutive failures: 0/N/A
Consecutive failures: 0/N/A
Consecutive failures: 0/N/A
Generation failed for document 833544: Incomplete or unparsable MCQ content
Consecutive failures: 0/N/A
Consecutive failures: 0/N/A
Consecutive failures: 0/N/A
Consecutive failures: 0/N/A
Consecutive failures: 0/N/A
Generation failed for document 863241: Incomplete or unparsable MCQ content
Consecutive failures: 0/N/A
Consecutive failures: 0/N/A
Consecutive failures: 0/N/A
Consecutive failures: 0/N/A
Consecutive failures: 0/N/A
Consecutive failures: 0/N/A
Consecutive failures: 0/N/A
Consecutive failures: 0/N/A
Consecutive failures: 0/N/A
Consecutive failures: 0/N/A
Consecutive failures: 0/N/A
Consecutive failures: 0/N/A
Consecutive failures: 0/N/A
Consecutive failures: 0/N/A
Consecutive failures: 0/N/A
Consecutive failures: 0/N/A
Consecutive failures: 0/N/A
Consecutive failures: 0/N/A
Consecutive failures: 0/N/A
Consecutive failures: 0/N/A
Consecutive failures: 0/N/A
Consecutive failures: 0/N/A
Consecutive failures: 0/N/A
Consecutive failures: 0/N/A
Consecutive failures: 0/N/A
Consecutive failures: 0/N/A
Consecutive failures: 0/N/A
Consecutive failures: 0/N/A
Consecutive failures: 0/N/A
Consecutive failures: 0/N/A
Consecutive failures: 0/N/A
Consecutive failures: 0/N/A
Consecutive failures: 0/N/A
Consecutive failures: 0/N/A
Consecutive failures: 0/N/A
Consecutive failures: 0/N/A
Consecutive failures: 0/N/A
Generation failed for document 1893114: Incomplete or unparsable MCQ content
Consecutive failures: 0/N/A
Generation failed for document 724354: Incomplete or unparsable MCQ content
Consecutive failures: 0/N/A
Consecutive failures: 0/N/A
Consecutive failures: 0/N/A
Consecutive failures: 0/N/A
Consecutive failures: 0/N/A
Consecutive failures: 0/N/A
Consecutive failures: 0/N/A
Consecutive failures: 0/N/A
Generation failed for document 1511457: Incomplete or unparsable MCQ content
Consecutive failures: 0/N/A
Consecutive failures: 0/N/A
Consecutive failures: 0/N/A
Consecutive failures: 0/N/A
Consecutive failures: 0/N/A
Consecutive failures: 0/N/A
Consecutive failures: 0/N/A
Generation failed for document 1679576: Incomplete or unparsable MCQ content
Consecutive failures: 0/N/A
Consecutive failures: 0/N/A
Consecutive failures: 0/N/A
Consecutive failures: 0/N/A
Consecutive failures: 0/N/A
Consecutive failures: 0/N/A
Generation failed for document 1030384: Incomplete or unparsable MCQ content
Consecutive failures: 0/N/A
Consecutive failures: 0/N/A
Consecutive failures: 0/N/A
Consecutive failures: 0/N/A
Consecutive failures: 0/N/A
Consecutive failures: 0/N/A
Consecutive failures: 0/N/A
Consecutive failures: 0/N/A
Consecutive failures: 0/N/A
Consecutive failures: 0/N/A
Consecutive failures: 0/N/A
Generation failed for document 164747: Incomplete or unparsable MCQ content
Consecutive failures: 0/N/A
Consecutive failures: 0/N/A
Consecutive failures: 0/N/A
Consecutive failures: 0/N/A
Consecutive failures: 0/N/A
Consecutive failures: 0/N/A
Consecutive failures: 0/N/A
Consecutive failures: 0/N/A
Consecutive failures: 0/N/A
Consecutive failures: 0/N/A
Consecutive failures: 0/N/A
Consecutive failures: 0/N/A
Consecutive failures: 0/N/A
Consecutive failures: 0/N/A
Consecutive failures: 0/N/A
Consecutive failures: 0/N/A
Consecutive failures: 0/N/A
Consecutive failures: 0/N/A
Generation failed for document 2045800: Incomplete or unparsable MCQ content
Consecutive failures: 0/N/A
Consecutive failures: 0/N/A
Consecutive failures: 0/N/A
Consecutive failures: 0/N/A
Consecutive failures: 0/N/A
Consecutive failures: 0/N/A
Consecutive failures: 0/N/A
Consecutive failures: 0/N/A
Consecutive failures: 0/N/A
Consecutive failures: 0/N/A
Consecutive failures: 0/N/A
Consecutive failures: 0/N/A
Consecutive failures: 0/N/A
Consecutive failures: 0/N/A
Generation failed for document 1232403: Incomplete or unparsable MCQ content
Consecutive failures: 0/N/A
Consecutive failures: 0/N/A
Generation failed for document 449894: Incomplete or unparsable MCQ content
Consecutive failures: 0/N/A
Consecutive failures: 0/N/A
Consecutive failures: 0/N/A
Consecutive failures: 0/N/A
Consecutive failures: 0/N/A
Consecutive failures: 0/N/A
Consecutive failures: 0/N/A
Consecutive failures: 0/N/A
Consecutive failures: 0/N/A
Consecutive failures: 0/N/A
Consecutive failures: 0/N/A
Consecutive failures: 0/N/A
Generation failed for document 98259: Incomplete or unparsable MCQ content
Consecutive failures: 0/N/A
Consecutive failures: 0/N/A
Consecutive failures: 0/N/A
Generation failed for document 1962354: Incomplete or unparsable MCQ content
Consecutive failures: 0/N/A
Consecutive failures: 0/N/A
Consecutive failures: 0/N/A
Consecutive failures: 0/N/A
Consecutive failures: 0/N/A
Consecutive failures: 0/N/A
Consecutive failures: 0/N/A
Consecutive failures: 0/N/A
Consecutive failures: 0/N/A
Consecutive failures: 0/N/A
Consecutive failures: 0/N/A
Consecutive failures: 0/N/A
Consecutive failures: 0/N/A
Consecutive failures: 0/N/A
Consecutive failures: 0/N/A
Consecutive failures: 0/N/A
Consecutive failures: 0/N/A
Consecutive failures: 0/N/A
Generation failed for document 1669062: Incomplete or unparsable MCQ content
Consecutive failures: 0/N/A
Consecutive failures: 0/N/A
Consecutive failures: 0/N/A
Consecutive failures: 0/N/A
Consecutive failures: 0/N/A
Consecutive failures: 0/N/A
Consecutive failures: 0/N/A
Consecutive failures: 0/N/A
Consecutive failures: 0/N/A
Consecutive failures: 0/N/A
Consecutive failures: 0/N/A
Consecutive failures: 0/N/A
Generation failed for document 527622: Incomplete or unparsable MCQ content
Consecutive failures: 0/N/A
Consecutive failures: 0/N/A
Consecutive failures: 0/N/A
Consecutive failures: 0/N/A
Consecutive failures: 0/N/A
Consecutive failures: 0/N/A
Consecutive failures: 0/N/A
Consecutive failures: 0/N/A
Consecutive failures: 0/N/A
Consecutive failures: 0/N/A
Consecutive failures: 0/N/A
Consecutive failures: 0/N/A
Generation failed for document 704448: Incomplete or unparsable MCQ content
Consecutive failures: 0/N/A
Generation failed for document 1735344: Incomplete or unparsable MCQ content
Consecutive failures: 0/N/A
Consecutive failures: 0/N/A
Consecutive failures: 0/N/A
Consecutive failures: 0/N/A
Consecutive failures: 0/N/A
Consecutive failures: 0/N/A
Consecutive failures: 0/N/A
Consecutive failures: 0/N/A
Consecutive failures: 0/N/A
Consecutive failures: 0/N/A
Generation failed for document 1005284: Incomplete or unparsable MCQ content
Consecutive failures: 0/N/A
Consecutive failures: 0/N/A
Generation failed for document 999084: Incomplete or unparsable MCQ content
Consecutive failures: 0/N/A
Consecutive failures: 0/N/A
Consecutive failures: 0/N/A
Consecutive failures: 0/N/A
Consecutive failures: 0/N/A
Consecutive failures: 0/N/A
Consecutive failures: 0/N/A
Consecutive failures: 0/N/A
Consecutive failures: 0/N/A
Consecutive failures: 0/N/A
Consecutive failures: 0/N/A
Consecutive failures: 0/N/A
Generation failed for document 165277: Incomplete or unparsable MCQ content
Consecutive failures: 0/N/A
Consecutive failures: 0/N/A
Consecutive failures: 0/N/A
Consecutive failures: 0/N/A
Consecutive failures: 0/N/A
Consecutive failures: 0/N/A
Consecutive failures: 0/N/A
Consecutive failures: 0/N/A
Consecutive failures: 0/N/A
Consecutive failures: 0/N/A
Consecutive failures: 0/N/A
Consecutive failures: 0/N/A
Consecutive failures: 0/N/A
Consecutive failures: 0/N/A
Consecutive failures: 0/N/A
Generation failed for document 727477: Incomplete or unparsable MCQ content
Consecutive failures: 0/N/A
Consecutive failures: 0/N/A
Consecutive failures: 0/N/A
Consecutive failures: 0/N/A
Consecutive failures: 0/N/A
Consecutive failures: 0/N/A
Consecutive failures: 0/N/A
Consecutive failures: 0/N/A
Consecutive failures: 0/N/A
Consecutive failures: 0/N/A
Consecutive failures: 0/N/A
Consecutive failures: 0/N/A
Consecutive failures: 0/N/A
Consecutive failures: 0/N/A
Consecutive failures: 0/N/A
Consecutive failures: 0/N/A
Consecutive failures: 0/N/A
Consecutive failures: 0/N/A
Consecutive failures: 0/N/A
Consecutive failures: 0/N/A
Consecutive failures: 0/N/A
Consecutive failures: 0/N/A
Consecutive failures: 0/N/A
Consecutive failures: 0/N/A
Consecutive failures: 0/N/A
Consecutive failures: 0/N/A
Consecutive failures: 0/N/A
Consecutive failures: 0/N/A
Consecutive failures: 0/N/A
Consecutive failures: 0/N/A
Consecutive failures: 0/N/A
Consecutive failures: 0/N/A
Generation failed for document 471918: Incomplete or unparsable MCQ content
Consecutive failures: 0/N/A
Generation failed for document 2132380: Incomplete or unparsable MCQ content
Consecutive failures: 0/N/A
Generation failed for document 1493551: Incomplete or unparsable MCQ content
Consecutive failures: 0/N/A
Consecutive failures: 0/N/A
Consecutive failures: 0/N/A
Consecutive failures: 0/N/A
Consecutive failures: 0/N/A
Consecutive failures: 0/N/A
Consecutive failures: 0/N/A
Generation failed for document 727564: Incomplete or unparsable MCQ content
Consecutive failures: 0/N/A
Consecutive failures: 0/N/A
Consecutive failures: 0/N/A
Consecutive failures: 0/N/A
Consecutive failures: 0/N/A
Consecutive failures: 0/N/A
Consecutive failures: 0/N/A
Consecutive failures: 0/N/A
Consecutive failures: 0/N/A
Consecutive failures: 0/N/A
Consecutive failures: 0/N/A
Consecutive failures: 0/N/A
Consecutive failures: 0/N/A
Consecutive failures: 0/N/A
Generation failed for document 717858: Incomplete or unparsable MCQ content
Consecutive failures: 0/N/A
Consecutive failures: 0/N/A
Consecutive failures: 0/N/A
Consecutive failures: 0/N/A
Consecutive failures: 0/N/A
Consecutive failures: 0/N/A
Consecutive failures: 0/N/A
Consecutive failures: 0/N/A
Consecutive failures: 0/N/A
Consecutive failures: 0/N/A
Consecutive failures: 0/N/A
Consecutive failures: 0/N/A
Consecutive failures: 0/N/A
Consecutive failures: 0/N/A
Consecutive failures: 0/N/A
Consecutive failures: 0/N/A
Consecutive failures: 0/N/A
Consecutive failures: 0/N/A
Consecutive failures: 0/N/A
Consecutive failures: 0/N/A
Consecutive failures: 0/N/A
Consecutive failures: 0/N/A
Consecutive failures: 0/N/A
Consecutive failures: 0/N/A
Consecutive failures: 0/N/A
Consecutive failures: 0/N/A
Generation failed for document 449588: Incomplete or unparsable MCQ content
Consecutive failures: 0/N/A
Consecutive failures: 0/N/A
Consecutive failures: 0/N/A
Consecutive failures: 0/N/A
Consecutive failures: 0/N/A
Consecutive failures: 0/N/A
Consecutive failures: 0/N/A
Consecutive failures: 0/N/A
Generation failed for document 756342: Incomplete or unparsable MCQ content
Consecutive failures: 0/N/A
Consecutive failures: 0/N/A
Consecutive failures: 0/N/A
Consecutive failures: 0/N/A
Generation failed for document 1256992: Incomplete or unparsable MCQ content
Consecutive failures: 0/N/A
Consecutive failures: 0/N/A
Consecutive failures: 0/N/A
Consecutive failures: 0/N/A
Consecutive failures: 0/N/A
Generation failed for document 32543: Incomplete or unparsable MCQ content
Consecutive failures: 0/N/A
Consecutive failures: 0/N/A
Consecutive failures: 0/N/A
Consecutive failures: 0/N/A
Consecutive failures: 0/N/A
Consecutive failures: 0/N/A
Consecutive failures: 0/N/A
Consecutive failures: 0/N/A
Generation failed for document 26312: Incomplete or unparsable MCQ content
Consecutive failures: 0/N/A
Consecutive failures: 0/N/A
Consecutive failures: 0/N/A
Consecutive failures: 0/N/A
Consecutive failures: 0/N/A
Consecutive failures: 0/N/A
Consecutive failures: 0/N/A
Consecutive failures: 0/N/A
Consecutive failures: 0/N/A
Consecutive failures: 0/N/A
Consecutive failures: 0/N/A
Consecutive failures: 0/N/A
Consecutive failures: 0/N/A
Consecutive failures: 0/N/A
Consecutive failures: 0/N/A
Consecutive failures: 0/N/A
Consecutive failures: 0/N/A
Consecutive failures: 0/N/A
Consecutive failures: 0/N/A
Consecutive failures: 0/N/A
Consecutive failures: 0/N/A
Generation failed for document 1629340: Incomplete or unparsable MCQ content
Consecutive failures: 0/N/A
Consecutive failures: 0/N/A
Consecutive failures: 0/N/A
Consecutive failures: 0/N/A
Consecutive failures: 0/N/A
Consecutive failures: 0/N/A
Consecutive failures: 0/N/A
Consecutive failures: 0/N/A
Generation failed for document 2087168: Incomplete or unparsable MCQ content
Consecutive failures: 0/N/A
Consecutive failures: 0/N/A
Consecutive failures: 0/N/A
Consecutive failures: 0/N/A
Consecutive failures: 0/N/A
Consecutive failures: 0/N/A
Consecutive failures: 0/N/A
Generation failed for document 1079890: Incomplete or unparsable MCQ content
Consecutive failures: 0/N/A
Consecutive failures: 0/N/A
Consecutive failures: 0/N/A
Consecutive failures: 0/N/A
Consecutive failures: 0/N/A
Consecutive failures: 0/N/A
Generation failed for document 1744023: Incomplete or unparsable MCQ content
Consecutive failures: 0/N/A
Consecutive failures: 0/N/A
Consecutive failures: 0/N/A
Consecutive failures: 0/N/A
Consecutive failures: 0/N/A
Consecutive failures: 0/N/A
Consecutive failures: 0/N/A
Consecutive failures: 0/N/A
Consecutive failures: 0/N/A
Consecutive failures: 0/N/A
Consecutive failures: 0/N/A
Consecutive failures: 0/N/A
Consecutive failures: 0/N/A
Generation failed for document 705172: Incomplete or unparsable MCQ content
Consecutive failures: 0/N/A
Consecutive failures: 0/N/A
Consecutive failures: 0/N/A
Consecutive failures: 0/N/A
Consecutive failures: 0/N/A
Consecutive failures: 0/N/A
Consecutive failures: 0/N/A
Consecutive failures: 0/N/A
Consecutive failures: 0/N/A
Consecutive failures: 0/N/A
Consecutive failures: 0/N/A
Consecutive failures: 0/N/A
Consecutive failures: 0/N/A
Consecutive failures: 0/N/A
Consecutive failures: 0/N/A
Consecutive failures: 0/N/A
Consecutive failures: 0/N/A
Consecutive failures: 0/N/A
Consecutive failures: 0/N/A
Consecutive failures: 0/N/A
Consecutive failures: 0/N/A
Consecutive failures: 0/N/A
Consecutive failures: 0/N/A
Generation failed for document 726263: Incomplete or unparsable MCQ content
Consecutive failures: 0/N/A
Consecutive failures: 0/N/A
Consecutive failures: 0/N/A
Consecutive failures: 0/N/A
Consecutive failures: 0/N/A
Consecutive failures: 0/N/A
Consecutive failures: 0/N/A
Consecutive failures: 0/N/A
Consecutive failures: 0/N/A
Consecutive failures: 0/N/A
Generation failed for document 368269: Incomplete or unparsable MCQ content
Consecutive failures: 0/N/A
Consecutive failures: 0/N/A
Consecutive failures: 0/N/A
Consecutive failures: 0/N/A
Consecutive failures: 0/N/A
Consecutive failures: 0/N/A
Generation failed for document 1949313: Incomplete or unparsable MCQ content
Consecutive failures: 0/N/A
Consecutive failures: 0/N/A
Consecutive failures: 0/N/A
Consecutive failures: 0/N/A
Consecutive failures: 0/N/A
Consecutive failures: 0/N/A
Consecutive failures: 0/N/A
Consecutive failures: 0/N/A
Generation failed for document 1449555: Incomplete or unparsable MCQ content
Consecutive failures: 0/N/A
Consecutive failures: 0/N/A
Consecutive failures: 0/N/A
Consecutive failures: 0/N/A
Consecutive failures: 0/N/A
Consecutive failures: 0/N/A
Consecutive failures: 0/N/A
Consecutive failures: 0/N/A
Consecutive failures: 0/N/A
Consecutive failures: 0/N/A
Consecutive failures: 0/N/A
Consecutive failures: 0/N/A
Consecutive failures: 0/N/A
Consecutive failures: 0/N/A
Consecutive failures: 0/N/A
Consecutive failures: 0/N/A
Consecutive failures: 0/N/A
Consecutive failures: 0/N/A
Consecutive failures: 0/N/A
Consecutive failures: 0/N/A
Consecutive failures: 0/N/A
Consecutive failures: 0/N/A
Consecutive failures: 0/N/A
Consecutive failures: 0/N/A
Consecutive failures: 0/N/A
Consecutive failures: 0/N/A
Generation failed for document 273784: Incomplete or unparsable MCQ content
Consecutive failures: 0/N/A
Consecutive failures: 0/N/A
Consecutive failures: 0/N/A
Consecutive failures: 0/N/A
Consecutive failures: 0/N/A
Consecutive failures: 0/N/A
Consecutive failures: 0/N/A
Generation failed for document 487448: Incomplete or unparsable MCQ content
Consecutive failures: 0/N/A
Consecutive failures: 0/N/A
Consecutive failures: 0/N/A
Consecutive failures: 0/N/A
Consecutive failures: 0/N/A
Consecutive failures: 0/N/A
Saved 1487 MCQs to .mcq_exports/job_20260216_234802_11d0ef94.json
Consecutive failures: 0/N/A
Consecutive failures: 0/N/A
Consecutive failures: 0/N/A
Consecutive failures: 0/N/A
Consecutive failures: 0/N/A
Consecutive failures: 0/N/A
Consecutive failures: 0/N/A
Consecutive failures: 0/N/A
Consecutive failures: 0/N/A
Consecutive failures: 0/N/A
Consecutive failures: 0/N/A
Consecutive failures: 0/N/A
Consecutive failures: 0/N/A
Consecutive failures: 0/N/A
Consecutive failures: 0/N/A
Consecutive failures: 0/N/A
Consecutive failures: 0/N/A
Generation failed for document 778756: Incomplete or unparsable MCQ content
Consecutive failures: 0/N/A
Consecutive failures: 0/N/A
Consecutive failures: 0/N/A
Consecutive failures: 0/N/A
Consecutive failures: 0/N/A
Consecutive failures: 0/N/A
Consecutive failures: 0/N/A
Consecutive failures: 0/N/A
Consecutive failures: 0/N/A
Consecutive failures: 0/N/A
Consecutive failures: 0/N/A
Consecutive failures: 0/N/A
Consecutive failures: 0/N/A
Consecutive failures: 0/N/A
Consecutive failures: 0/N/A
Consecutive failures: 0/N/A
Consecutive failures: 0/N/A
Consecutive failures: 0/N/A
Consecutive failures: 0/N/A
Consecutive failures: 0/N/A
Consecutive failures: 0/N/A
Consecutive failures: 0/N/A
Consecutive failures: 0/N/A
Consecutive failures: 0/N/A
Consecutive failures: 0/N/A
Consecutive failures: 0/N/A
Consecutive failures: 0/N/A
Generation failed for document 215338: Incomplete or unparsable MCQ content
Consecutive failures: 0/N/A
Consecutive failures: 0/N/A
Consecutive failures: 0/N/A
Consecutive failures: 0/N/A
Consecutive failures: 0/N/A
Consecutive failures: 0/N/A
Consecutive failures: 0/N/A
Consecutive failures: 0/N/A
Consecutive failures: 0/N/A
Consecutive failures: 0/N/A
Consecutive failures: 0/N/A
Consecutive failures: 0/N/A
Consecutive failures: 0/N/A
Consecutive failures: 0/N/A
Consecutive failures: 0/N/A
Consecutive failures: 0/N/A
Consecutive failures: 0/N/A
Consecutive failures: 0/N/A
Consecutive failures: 0/N/A
Consecutive failures: 0/N/A
Consecutive failures: 0/N/A
Consecutive failures: 0/N/A
Consecutive failures: 0/N/A
Consecutive failures: 0/N/A
Consecutive failures: 0/N/A
Consecutive failures: 0/N/A
Generation failed for document 726924: Incomplete or unparsable MCQ content
Consecutive failures: 0/N/A
Consecutive failures: 0/N/A
Consecutive failures: 0/N/A
Consecutive failures: 0/N/A
Consecutive failures: 0/N/A
Consecutive failures: 0/N/A
Consecutive failures: 0/N/A
Consecutive failures: 0/N/A
Consecutive failures: 0/N/A
Consecutive failures: 0/N/A
Consecutive failures: 0/N/A
Consecutive failures: 0/N/A
Consecutive failures: 0/N/A
Consecutive failures: 0/N/A
Consecutive failures: 0/N/A
Consecutive failures: 0/N/A
Consecutive failures: 0/N/A
Consecutive failures: 0/N/A
Generation failed for document 1245162: Incomplete or unparsable MCQ content
Consecutive failures: 0/N/A
Consecutive failures: 0/N/A
Consecutive failures: 0/N/A
Consecutive failures: 0/N/A
Consecutive failures: 0/N/A
Consecutive failures: 0/N/A
Consecutive failures: 0/N/A
Consecutive failures: 0/N/A
Consecutive failures: 0/N/A
Consecutive failures: 0/N/A
Consecutive failures: 0/N/A
Consecutive failures: 0/N/A
Consecutive failures: 0/N/A
Consecutive failures: 0/N/A
Consecutive failures: 0/N/A
Consecutive failures: 0/N/A
Generation failed for document 200377: Incomplete or unparsable MCQ content
Consecutive failures: 0/N/A
Consecutive failures: 0/N/A
Generation failed for document 1613425: Incomplete or unparsable MCQ content
Consecutive failures: 0/N/A
Consecutive failures: 0/N/A
Consecutive failures: 0/N/A
Consecutive failures: 0/N/A
Consecutive failures: 0/N/A
Consecutive failures: 0/N/A
Consecutive failures: 0/N/A
Consecutive failures: 0/N/A
Consecutive failures: 0/N/A
Consecutive failures: 0/N/A
Consecutive failures: 0/N/A
Generation failed for document 1338699: Incomplete or unparsable MCQ content
Consecutive failures: 0/N/A
Consecutive failures: 0/N/A
Consecutive failures: 0/N/A
Consecutive failures: 0/N/A
Consecutive failures: 0/N/A
Consecutive failures: 0/N/A
Consecutive failures: 0/N/A
Consecutive failures: 0/N/A
Consecutive failures: 0/N/A
Consecutive failures: 0/N/A
Consecutive failures: 0/N/A
Consecutive failures: 0/N/A
Consecutive failures: 0/N/A
Consecutive failures: 0/N/A
Consecutive failures: 0/N/A
Consecutive failures: 0/N/A
Consecutive failures: 0/N/A
Consecutive failures: 0/N/A
Consecutive failures: 0/N/A
Consecutive failures: 0/N/A
Generation failed for document 68667: Incomplete or unparsable MCQ content
Consecutive failures: 0/N/A
Consecutive failures: 0/N/A
Consecutive failures: 0/N/A
Consecutive failures: 0/N/A
Consecutive failures: 0/N/A
Consecutive failures: 0/N/A
Consecutive failures: 0/N/A
Consecutive failures: 0/N/A
Consecutive failures: 0/N/A
Consecutive failures: 0/N/A
Consecutive failures: 0/N/A
Inconsistent DB counts detected (jobs.generated_count=1487 vs mcq_results=1485).
Attempting repair from exports...
╭──────────────────────────────────────────────────────────────────────────────╮
│ Job: job_20260216_234802_11d0ef94                                            │
│ Dataset: teyler/epstein-files-20k                                            │
│ Progress: 1485/999999999 (0.0%)                                              │
│ Status: running                                                              │
╰──────────────────────────────────────────────────────────────────────────────╯
Loaded 1485 existing MCQs from job state
Consecutive failures: 0/N/A
Consecutive failures: 0/N/A
Consecutive failures: 0/N/A
Consecutive failures: 0/N/A
Consecutive failures: 0/N/A
Saved 1486 MCQs to .mcq_exports/job_20260216_234802_11d0ef94.json
Consecutive failures: 0/N/A
Consecutive failures: 0/N/A
Consecutive failures: 0/N/A
Consecutive failures: 0/N/A
Consecutive failures: 0/N/A
Consecutive failures: 0/N/A
Consecutive failures: 0/N/A
Consecutive failures: 0/N/A
Consecutive failures: 0/N/A
Consecutive failures: 0/N/A
Consecutive failures: 0/N/A
Consecutive failures: 0/N/A
Consecutive failures: 0/N/A
Consecutive failures: 0/N/A
Consecutive failures: 0/N/A
Generation failed for document 1950847: Incomplete or unparsable MCQ content
Consecutive failures: 0/N/A
Consecutive failures: 0/N/A
Consecutive failures: 0/N/A
Consecutive failures: 0/N/A
Consecutive failures: 0/N/A
Consecutive failures: 0/N/A
Consecutive failures: 0/N/A
Consecutive failures: 0/N/A
Consecutive failures: 0/N/A
Consecutive failures: 0/N/A
Consecutive failures: 0/N/A
Consecutive failures: 0/N/A
Consecutive failures: 0/N/A
Consecutive failures: 0/N/A
Consecutive failures: 0/N/A
Consecutive failures: 0/N/A
Consecutive failures: 0/N/A
Consecutive failures: 0/N/A
Consecutive failures: 0/N/A
Consecutive failures: 0/N/A
Consecutive failures: 0/N/A
Consecutive failures: 0/N/A
Consecutive failures: 0/N/A
Consecutive failures: 0/N/A
Consecutive failures: 0/N/A
Consecutive failures: 0/N/A
Consecutive failures: 0/N/A
Consecutive failures: 0/N/A
Consecutive failures: 0/N/A
Generation failed for document 1976653: Incomplete or unparsable MCQ content
Consecutive failures: 0/N/A
Consecutive failures: 0/N/A
Consecutive failures: 0/N/A
Consecutive failures: 0/N/A
Consecutive failures: 0/N/A
Consecutive failures: 0/N/A
Consecutive failures: 0/N/A
Consecutive failures: 0/N/A
Consecutive failures: 0/N/A
Consecutive failures: 0/N/A
Consecutive failures: 0/N/A
Consecutive failures: 0/N/A
Consecutive failures: 0/N/A
Consecutive failures: 0/N/A
Consecutive failures: 0/N/A
Consecutive failures: 0/N/A
Consecutive failures: 0/N/A
Consecutive failures: 0/N/A
Consecutive failures: 0/N/A
Consecutive failures: 0/N/A
Consecutive failures: 0/N/A
Consecutive failures: 0/N/A
Consecutive failures: 0/N/A
Consecutive failures: 0/N/A
Consecutive failures: 0/N/A
Generation failed for document 827524: Incomplete or unparsable MCQ content
Consecutive failures: 0/N/A
Consecutive failures: 0/N/A
Consecutive failures: 0/N/A
Consecutive failures: 0/N/A
Consecutive failures: 0/N/A
Consecutive failures: 0/N/A
Consecutive failures: 0/N/A
Consecutive failures: 0/N/A
Consecutive failures: 0/N/A
Consecutive failures: 0/N/A
Consecutive failures: 0/N/A
Consecutive failures: 0/N/A
Consecutive failures: 0/N/A
Consecutive failures: 0/N/A
Consecutive failures: 0/N/A
Consecutive failures: 0/N/A
Consecutive failures: 0/N/A
Consecutive failures: 0/N/A
Consecutive failures: 0/N/A
Consecutive failures: 0/N/A
Consecutive failures: 0/N/A
Consecutive failures: 0/N/A
Consecutive failures: 0/N/A
Consecutive failures: 0/N/A
Consecutive failures: 0/N/A
Consecutive failures: 0/N/A
Consecutive failures: 0/N/A
Consecutive failures: 0/N/A
Consecutive failures: 0/N/A
Consecutive failures: 0/N/A
Consecutive failures: 0/N/A
Consecutive failures: 0/N/A
Consecutive failures: 0/N/A
Consecutive failures: 0/N/A
Consecutive failures: 0/N/A
Consecutive failures: 0/N/A
Consecutive failures: 0/N/A
Consecutive failures: 0/N/A
Consecutive failures: 0/N/A
Consecutive failures: 0/N/A
Consecutive failures: 0/N/A
Consecutive failures: 0/N/A
Consecutive failures: 0/N/A
Consecutive failures: 0/N/A
Consecutive failures: 0/N/A
Consecutive failures: 0/N/A
Consecutive failures: 0/N/A
Consecutive failures: 0/N/A
Consecutive failures: 0/N/A
Consecutive failures: 0/N/A
Consecutive failures: 0/N/A
Consecutive failures: 0/N/A
Consecutive failures: 0/N/A
Consecutive failures: 0/N/A
Consecutive failures: 0/N/A
Generation failed for document 718866: Incomplete or unparsable MCQ content
Consecutive failures: 0/N/A
Consecutive failures: 0/N/A
Generation failed for document 149722: Incomplete or unparsable MCQ content
Consecutive failures: 0/N/A
Consecutive failures: 0/N/A
Consecutive failures: 0/N/A
Consecutive failures: 0/N/A
Consecutive failures: 0/N/A
Consecutive failures: 0/N/A
Consecutive failures: 0/N/A
Consecutive failures: 0/N/A
Consecutive failures: 0/N/A
Consecutive failures: 0/N/A
Generation failed for document 993020: Incomplete or unparsable MCQ content
Consecutive failures: 0/N/A
Consecutive failures: 0/N/A
Consecutive failures: 0/N/A
Consecutive failures: 0/N/A
Consecutive failures: 0/N/A
Consecutive failures: 0/N/A
Consecutive failures: 0/N/A
Consecutive failures: 0/N/A
Consecutive failures: 0/N/A
Consecutive failures: 0/N/A
Consecutive failures: 0/N/A
Consecutive failures: 0/N/A
Consecutive failures: 0/N/A
Consecutive failures: 0/N/A
Consecutive failures: 0/N/A
Consecutive failures: 0/N/A
Consecutive failures: 0/N/A
Consecutive failures: 0/N/A
Consecutive failures: 0/N/A
Consecutive failures: 0/N/A
Consecutive failures: 0/N/A
Consecutive failures: 0/N/A
Consecutive failures: 0/N/A
Consecutive failures: 0/N/A
Consecutive failures: 0/N/A
Consecutive failures: 0/N/A
Consecutive failures: 0/N/A
Consecutive failures: 0/N/A
Consecutive failures: 0/N/A
Consecutive failures: 0/N/A
Consecutive failures: 0/N/A
Consecutive failures: 0/N/A
Consecutive failures: 0/N/A
Consecutive failures: 0/N/A
Consecutive failures: 0/N/A
Consecutive failures: 0/N/A
Consecutive failures: 0/N/A
Consecutive failures: 0/N/A
Consecutive failures: 0/N/A
Consecutive failures: 0/N/A
Generation failed for document 233523: Incomplete or unparsable MCQ content
Consecutive failures: 0/N/A
Consecutive failures: 0/N/A
Consecutive failures: 0/N/A
Consecutive failures: 0/N/A
Consecutive failures: 0/N/A
Generation failed for document 1677971: Incomplete or unparsable MCQ content
Consecutive failures: 0/N/A
Consecutive failures: 0/N/A
Consecutive failures: 0/N/A
Consecutive failures: 0/N/A
Consecutive failures: 0/N/A
Consecutive failures: 0/N/A
Consecutive failures: 0/N/A
Consecutive failures: 0/N/A
Consecutive failures: 0/N/A
Consecutive failures: 0/N/A
Consecutive failures: 0/N/A
Consecutive failures: 0/N/A
Consecutive failures: 0/N/A
Consecutive failures: 0/N/A
Consecutive failures: 0/N/A
Consecutive failures: 0/N/A
Consecutive failures: 0/N/A
Consecutive failures: 0/N/A
Consecutive failures: 0/N/A
Consecutive failures: 0/N/A
Consecutive failures: 0/N/A
Consecutive failures: 0/N/A
Consecutive failures: 0/N/A
Consecutive failures: 0/N/A
Consecutive failures: 0/N/A
Consecutive failures: 0/N/A
Consecutive failures: 0/N/A
Consecutive failures: 0/N/A
Consecutive failures: 0/N/A
Consecutive failures: 0/N/A
Consecutive failures: 0/N/A
Consecutive failures: 0/N/A
Consecutive failures: 0/N/A
Consecutive failures: 0/N/A
Consecutive failures: 0/N/A
Consecutive failures: 0/N/A
Consecutive failures: 0/N/A
Consecutive failures: 0/N/A
Consecutive failures: 0/N/A
Consecutive failures: 0/N/A
Consecutive failures: 0/N/A
Consecutive failures: 0/N/A
Consecutive failures: 0/N/A
Consecutive failures: 0/N/A
Consecutive failures: 0/N/A
Consecutive failures: 0/N/A
Consecutive failures: 0/N/A
Consecutive failures: 0/N/A
Generation failed for document 2005843: Incomplete or unparsable MCQ content
Consecutive failures: 0/N/A
Consecutive failures: 0/N/A
Consecutive failures: 0/N/A
Consecutive failures: 0/N/A
Consecutive failures: 0/N/A
Consecutive failures: 0/N/A
Consecutive failures: 0/N/A
Consecutive failures: 0/N/A
Consecutive failures: 0/N/A
Consecutive failures: 0/N/A
Consecutive failures: 0/N/A
Consecutive failures: 0/N/A
Consecutive failures: 0/N/A
Consecutive failures: 0/N/A
Generation failed for document 16872: Incomplete or unparsable MCQ content
Consecutive failures: 0/N/A
Consecutive failures: 0/N/A
Consecutive failures: 0/N/A
Consecutive failures: 0/N/A
Consecutive failures: 0/N/A
Consecutive failures: 0/N/A
Consecutive failures: 0/N/A
Consecutive failures: 0/N/A
Consecutive failures: 0/N/A
Consecutive failures: 0/N/A
Consecutive failures: 0/N/A
Consecutive failures: 0/N/A
Consecutive failures: 0/N/A
Consecutive failures: 0/N/A
Consecutive failures: 0/N/A
Consecutive failures: 0/N/A
Consecutive failures: 0/N/A
Consecutive failures: 0/N/A
Consecutive failures: 0/N/A
Consecutive failures: 0/N/A
Consecutive failures: 0/N/A
Consecutive failures: 0/N/A
Consecutive failures: 0/N/A
Consecutive failures: 0/N/A
Consecutive failures: 0/N/A
Consecutive failures: 0/N/A
Consecutive failures: 0/N/A
Consecutive failures: 0/N/A
Consecutive failures: 0/N/A
Consecutive failures: 0/N/A
Consecutive failures: 0/N/A
Consecutive failures: 0/N/A
Consecutive failures: 0/N/A
Consecutive failures: 0/N/A
Consecutive failures: 0/N/A
Consecutive failures: 0/N/A
Consecutive failures: 0/N/A
Consecutive failures: 0/N/A
Consecutive failures: 0/N/A
Consecutive failures: 0/N/A
Consecutive failures: 0/N/A
Consecutive failures: 0/N/A
Consecutive failures: 0/N/A
Consecutive failures: 0/N/A
Consecutive failures: 0/N/A
Consecutive failures: 0/N/A
Generation failed for document 478021: Incomplete or unparsable MCQ content
Consecutive failures: 0/N/A
Consecutive failures: 0/N/A
Consecutive failures: 0/N/A
Consecutive failures: 0/N/A
Consecutive failures: 0/N/A
Consecutive failures: 0/N/A
Consecutive failures: 0/N/A
Consecutive failures: 0/N/A
Consecutive failures: 0/N/A
Consecutive failures: 0/N/A
Consecutive failures: 0/N/A
Consecutive failures: 0/N/A
Consecutive failures: 0/N/A
Consecutive failures: 0/N/A
Consecutive failures: 0/N/A
Generation failed for document 799797: Incomplete or unparsable MCQ content
Consecutive failures: 0/N/A
Generation failed for document 1348765: Incomplete or unparsable MCQ content
Consecutive failures: 0/N/A
Consecutive failures: 0/N/A
Consecutive failures: 0/N/A
Consecutive failures: 0/N/A
Consecutive failures: 0/N/A
Consecutive failures: 0/N/A
Consecutive failures: 0/N/A
Generation failed for document 136117: Incomplete or unparsable MCQ content
Consecutive failures: 0/N/A
Consecutive failures: 0/N/A
Consecutive failures: 0/N/A
Consecutive failures: 0/N/A
Consecutive failures: 0/N/A
Consecutive failures: 0/N/A
Consecutive failures: 0/N/A
Consecutive failures: 0/N/A
Consecutive failures: 0/N/A
Consecutive failures: 0/N/A
Consecutive failures: 0/N/A
Consecutive failures: 0/N/A
Consecutive failures: 0/N/A
Consecutive failures: 0/N/A
Consecutive failures: 0/N/A
Consecutive failures: 0/N/A
Generation failed for document 591291: Incomplete or unparsable MCQ content
Consecutive failures: 0/N/A
Consecutive failures: 0/N/A
Consecutive failures: 0/N/A
Consecutive failures: 0/N/A
Consecutive failures: 0/N/A
Consecutive failures: 0/N/A
Consecutive failures: 0/N/A
Consecutive failures: 0/N/A
Consecutive failures: 0/N/A
Consecutive failures: 0/N/A
Consecutive failures: 0/N/A
Consecutive failures: 0/N/A
Consecutive failures: 0/N/A
Consecutive failures: 0/N/A
Consecutive failures: 0/N/A
Consecutive failures: 0/N/A
Consecutive failures: 0/N/A
Generation failed for document 194927: Incomplete or unparsable MCQ content
Consecutive failures: 0/N/A
Generation failed for document 1131135: Incomplete or unparsable MCQ content
Consecutive failures: 0/N/A
Consecutive failures: 0/N/A
Consecutive failures: 0/N/A
Consecutive failures: 0/N/A
Consecutive failures: 0/N/A
Consecutive failures: 0/N/A
Consecutive failures: 0/N/A
Consecutive failures: 0/N/A
Consecutive failures: 0/N/A
Generation failed for document 2124862: Incomplete or unparsable MCQ content
Consecutive failures: 0/N/A
Consecutive failures: 0/N/A
Consecutive failures: 0/N/A
Consecutive failures: 0/N/A
Consecutive failures: 0/N/A
Consecutive failures: 0/N/A
Consecutive failures: 0/N/A
Generation failed for document 1005185: Incomplete or unparsable MCQ content
Consecutive failures: 0/N/A
Consecutive failures: 0/N/A
Consecutive failures: 0/N/A
Consecutive failures: 0/N/A
Consecutive failures: 0/N/A
Generation failed for document 121574: Incomplete or unparsable MCQ content
Consecutive failures: 0/N/A
Consecutive failures: 0/N/A
Consecutive failures: 0/N/A
Consecutive failures: 0/N/A
Consecutive failures: 0/N/A
Consecutive failures: 0/N/A
Consecutive failures: 0/N/A
Consecutive failures: 0/N/A
Consecutive failures: 0/N/A
Consecutive failures: 0/N/A
Consecutive failures: 0/N/A
Generation failed for document 2109431: Incomplete or unparsable MCQ content
Consecutive failures: 0/N/A
Consecutive failures: 0/N/A
Consecutive failures: 0/N/A
Consecutive failures: 0/N/A
Generation failed for document 961902: Incomplete or unparsable MCQ content
Consecutive failures: 0/N/A
Consecutive failures: 0/N/A
Consecutive failures: 0/N/A
Consecutive failures: 0/N/A
Consecutive failures: 0/N/A
Consecutive failures: 0/N/A
Generation failed for document 1210206: Incomplete or unparsable MCQ content
Consecutive failures: 0/N/A
Consecutive failures: 0/N/A
Generation failed for document 1488223: Incomplete or unparsable MCQ content
Consecutive failures: 0/N/A
Generation failed for document 660613: Incomplete or unparsable MCQ content
Consecutive failures: 0/N/A
Consecutive failures: 0/N/A
Consecutive failures: 0/N/A
Consecutive failures: 0/N/A
Consecutive failures: 0/N/A
Consecutive failures: 0/N/A
Consecutive failures: 0/N/A
Consecutive failures: 0/N/A
Consecutive failures: 0/N/A
Consecutive failures: 0/N/A
Consecutive failures: 0/N/A
Consecutive failures: 0/N/A
Consecutive failures: 0/N/A
Consecutive failures: 0/N/A
Consecutive failures: 0/N/A
Consecutive failures: 0/N/A
Consecutive failures: 0/N/A
Consecutive failures: 0/N/A
Consecutive failures: 0/N/A
Request failed (1/5): 
Generation failed for document 1670875: Incomplete or unparsable MCQ content
Consecutive failures: 0/N/A
Consecutive failures: 0/N/A
Consecutive failures: 0/N/A
Saved 1487 MCQs to .mcq_exports/job_20260216_234802_11d0ef94.json
Consecutive failures: 0/N/A
Consecutive failures: 0/N/A
Consecutive failures: 0/N/A
Consecutive failures: 0/N/A
Consecutive failures: 0/N/A
Consecutive failures: 0/N/A
Consecutive failures: 0/N/A
Consecutive failures: 0/N/A
Consecutive failures: 0/N/A
Consecutive failures: 0/N/A
Consecutive failures: 0/N/A
Consecutive failures: 0/N/A
Consecutive failures: 0/N/A
Consecutive failures: 0/N/A
Consecutive failures: 0/N/A
Generation failed for document 112037: Incomplete or unparsable MCQ content
Consecutive failures: 0/N/A
Consecutive failures: 0/N/A
Consecutive failures: 0/N/A
Consecutive failures: 0/N/A
Consecutive failures: 0/N/A
Consecutive failures: 0/N/A
Consecutive failures: 0/N/A
Consecutive failures: 0/N/A
Consecutive failures: 0/N/A
Consecutive failures: 0/N/A
Consecutive failures: 0/N/A
Consecutive failures: 0/N/A
Consecutive failures: 0/N/A
Consecutive failures: 0/N/A
Consecutive failures: 0/N/A
Consecutive failures: 0/N/A
Consecutive failures: 0/N/A
Consecutive failures: 0/N/A
Consecutive failures: 0/N/A
Consecutive failures: 0/N/A
Consecutive failures: 0/N/A
Consecutive failures: 0/N/A
Consecutive failures: 0/N/A
Consecutive failures: 0/N/A
Consecutive failures: 0/N/A
Consecutive failures: 0/N/A
Consecutive failures: 0/N/A
Consecutive failures: 0/N/A
Consecutive failures: 0/N/A
Consecutive failures: 0/N/A
Generation failed for document 157826: Incomplete or unparsable MCQ content
Consecutive failures: 0/N/A
Consecutive failures: 0/N/A
Generation failed for document 2096199: Incomplete or unparsable MCQ content
Consecutive failures: 0/N/A
Consecutive failures: 0/N/A
Consecutive failures: 0/N/A
Consecutive failures: 0/N/A
Consecutive failures: 0/N/A
Consecutive failures: 0/N/A
Consecutive failures: 0/N/A
Consecutive failures: 0/N/A
Consecutive failures: 0/N/A
Consecutive failures: 0/N/A
Consecutive failures: 0/N/A
Consecutive failures: 0/N/A
Consecutive failures: 0/N/A
Consecutive failures: 0/N/A
Consecutive failures: 0/N/A
Consecutive failures: 0/N/A
Consecutive failures: 0/N/A
Consecutive failures: 0/N/A
Consecutive failures: 0/N/A
Generation failed for document 987016: Incomplete or unparsable MCQ content
Consecutive failures: 0/N/A
Consecutive failures: 0/N/A
Consecutive failures: 0/N/A
Consecutive failures: 0/N/A
Consecutive failures: 0/N/A
Consecutive failures: 0/N/A
Consecutive failures: 0/N/A
Consecutive failures: 0/N/A
Consecutive failures: 0/N/A
Generation failed for document 1192751: Incomplete or unparsable MCQ content
Consecutive failures: 0/N/A
Consecutive failures: 0/N/A
Consecutive failures: 0/N/A
Consecutive failures: 0/N/A
Consecutive failures: 0/N/A
Consecutive failures: 0/N/A
Consecutive failures: 0/N/A
Consecutive failures: 0/N/A
Consecutive failures: 0/N/A
Consecutive failures: 0/N/A
Consecutive failures: 0/N/A
Consecutive failures: 0/N/A
Consecutive failures: 0/N/A
Consecutive failures: 0/N/A
Consecutive failures: 0/N/A
Consecutive failures: 0/N/A
Consecutive failures: 0/N/A
Consecutive failures: 0/N/A
Consecutive failures: 0/N/A
Consecutive failures: 0/N/A
Consecutive failures: 0/N/A
Consecutive failures: 0/N/A
Consecutive failures: 0/N/A
Consecutive failures: 0/N/A
Consecutive failures: 0/N/A
Consecutive failures: 0/N/A
Consecutive failures: 0/N/A
Generation failed for document 1125241: Incomplete or unparsable MCQ content
Consecutive failures: 0/N/A
Consecutive failures: 0/N/A
Consecutive failures: 0/N/A
Consecutive failures: 0/N/A
Consecutive failures: 0/N/A
Consecutive failures: 0/N/A
Consecutive failures: 0/N/A
Consecutive failures: 0/N/A
Consecutive failures: 0/N/A
Consecutive failures: 0/N/A
Consecutive failures: 0/N/A
Generation failed for document 2090099: Incomplete or unparsable MCQ content
Consecutive failures: 0/N/A
Consecutive failures: 0/N/A
Consecutive failures: 0/N/A
Consecutive failures: 0/N/A
Consecutive failures: 0/N/A
Consecutive failures: 0/N/A
Consecutive failures: 0/N/A
Consecutive failures: 0/N/A
Consecutive failures: 0/N/A
Generation failed for document 950019: Incomplete or unparsable MCQ content
Consecutive failures: 0/N/A
Consecutive failures: 0/N/A
Generation failed for document 216131: Incomplete or unparsable MCQ content
Consecutive failures: 0/N/A
Consecutive failures: 0/N/A
Consecutive failures: 0/N/A
Consecutive failures: 0/N/A
Consecutive failures: 0/N/A
Consecutive failures: 0/N/A
Consecutive failures: 0/N/A
Consecutive failures: 0/N/A
Consecutive failures: 0/N/A
Consecutive failures: 0/N/A
Consecutive failures: 0/N/A
Consecutive failures: 0/N/A
Consecutive failures: 0/N/A
Consecutive failures: 0/N/A
Consecutive failures: 0/N/A
Consecutive failures: 0/N/A
Consecutive failures: 0/N/A
Consecutive failures: 0/N/A
Consecutive failures: 0/N/A
Consecutive failures: 0/N/A
Consecutive failures: 0/N/A
Consecutive failures: 0/N/A
Consecutive failures: 0/N/A
Consecutive failures: 0/N/A
Consecutive failures: 0/N/A
Consecutive failures: 0/N/A
Consecutive failures: 0/N/A
Consecutive failures: 0/N/A
Consecutive failures: 0/N/A
Consecutive failures: 0/N/A
Consecutive failures: 0/N/A
Consecutive failures: 0/N/A
Consecutive failures: 0/N/A
Consecutive failures: 0/N/A
Consecutive failures: 0/N/A
Consecutive failures: 0/N/A
Generation failed for document 1649057: Incomplete or unparsable MCQ content
Consecutive failures: 0/N/A
Generation failed for document 310278: Incomplete or unparsable MCQ content
Consecutive failures: 0/N/A
Consecutive failures: 0/N/A
Consecutive failures: 0/N/A
Consecutive failures: 0/N/A
Consecutive failures: 0/N/A
Consecutive failures: 0/N/A
Consecutive failures: 0/N/A
Consecutive failures: 0/N/A
Consecutive failures: 0/N/A
Consecutive failures: 0/N/A
Generation failed for document 1663297: Incomplete or unparsable MCQ content
Consecutive failures: 0/N/A
Consecutive failures: 0/N/A
Consecutive failures: 0/N/A
Consecutive failures: 0/N/A
Consecutive failures: 0/N/A
Consecutive failures: 0/N/A
Consecutive failures: 0/N/A
Consecutive failures: 0/N/A
Consecutive failures: 0/N/A
Consecutive failures: 0/N/A
Consecutive failures: 0/N/A
Consecutive failures: 0/N/A
Consecutive failures: 0/N/A
Consecutive failures: 0/N/A
Consecutive failures: 0/N/A
Consecutive failures: 0/N/A
Consecutive failures: 0/N/A
Consecutive failures: 0/N/A
Generation failed for document 337366: Incomplete or unparsable MCQ content
Consecutive failures: 0/N/A
Consecutive failures: 0/N/A
Consecutive failures: 0/N/A
Generation failed for document 47712: Incomplete or unparsable MCQ content
Consecutive failures: 0/N/A
Consecutive failures: 0/N/A
Generation failed for document 1644086: Incomplete or unparsable MCQ content
Consecutive failures: 0/N/A
Consecutive failures: 0/N/A
Consecutive failures: 0/N/A
Consecutive failures: 0/N/A
Consecutive failures: 0/N/A
Consecutive failures: 0/N/A
Consecutive failures: 0/N/A
Consecutive failures: 0/N/A
Consecutive failures: 0/N/A
Consecutive failures: 0/N/A
Consecutive failures: 0/N/A
Consecutive failures: 0/N/A
